Idx_Sample,(W/C) [Water/Cement ratio],[CEM]Cement content,[F/C] Factor Fine/Coarse (*),Fine Rec Agg % (**),Coarse Rec Agg % (***),RAg.T [Recycled Aggregates Types] (****),fc 28d (Mpa),Cost
1,0.6,320,0.75,80,0,0,,
2,0.6,320,0.75,100,0,0,,
3,0.55,320,0.75,80,0,0,,
4,0.55,320,0.75,100,0,0,,
5,0.5,320,0.75,80,0,0,,
6,0.5,320,0.75,100,0,0,,
7,0.45,320,0.75,80,0,0,,
8,0.45,320,0.75,100,0,0,,
9,0.6,300,0.75,80,0,0,,
10,0.6,300,0.75,100,0,0,,
11,0.55,300,0.75,80,0,0,,
12,0.55,300,0.75,100,0,0,,
13,0.5,300,0.75,80,0,0,,
14,0.5,300,0.75,100,0,0,,
15,0.45,300,0.75,80,0,0,,
16,0.45,300,0.75,100,0,0,,
17,0.6,280,0.75,80,0,0,,
18,0.6,280,0.75,100,0,0,,
19,0.55,280,0.75,80,0,0,,
20,0.55,280,0.75,100,0,0,,
21,0.5,280,0.75,80,0,0,,
22,0.5,280,0.75,100,0,0,,
23,0.45,280,0.75,80,0,0,,
24,0.45,280,0.75,100,0,0,,
25,0.6,260,0.75,80,0,0,,
26,0.6,260,0.75,100,0,0,,
27,0.55,260,0.75,80,0,0,,
28,0.55,260,0.75,100,0,0,,
29,0.5,260,0.75,80,0,0,,
30,0.5,260,0.75,100,0,0,,
31,0.45,260,0.75,80,0,0,,
32,0.45,260,0.75,100,0,0,,
33,0.6,200,0.75,80,0,0,,
34,0.6,200,0.75,100,0,0,,
35,0.55,200,0.75,80,0,0,,
36,0.55,200,0.75,100,0,0,,
37,0.5,200,0.75,80,0,0,,
38,0.5,200,0.75,100,0,0,,
39,0.45,200,0.75,80,0,0,,
40,0.45,200,0.75,100,0,0,,
41,0.7,320,1,80,0,0,,
42,0.7,320,1,100,0,0,,
43,0.65,320,1,80,0,0,,
44,0.65,320,1,100,0,0,,
45,0.7,300,1,80,0,0,,
46,0.7,300,1,100,0,0,,
47,0.65,300,1,80,0,0,,
48,0.65,300,1,100,0,0,,
49,0.7,280,1,80,0,0,,
50,0.7,280,1,100,0,0,,
51,0.65,280,1,80,0,0,,
52,0.65,280,1,100,0,0,,
53,0.7,260,1,80,0,0,,
54,0.7,260,1,100,0,0,,
55,0.65,260,1,80,0,0,,
56,0.65,260,1,100,0,0,,
57,0.7,200,1,80,0,0,,
58,0.7,200,1,100,0,0,,
59,0.65,200,1,80,0,0,,
60,0.65,200,1,100,0,0,,
61,1.05,320,1.5,80,0,0,,
62,1.05,320,1.5,100,0,0,,
63,1.05,300,1.5,80,0,0,,
64,1.05,300,1.5,100,0,0,,
65,1.05,280,1.5,80,0,0,,
66,1.05,280,1.5,100,0,0,,
67,1.05,260,1.5,80,0,0,,
68,1.05,260,1.5,100,0,0,,
69,1.05,200,1.5,80,0,0,,
70,1.05,200,1.5,100,0,0,,
71,0.6,320,0.75,0,0,0,,
72,0.6,320,0.75,20,0,0,,
73,0.6,320,0.75,30,0,0,,
74,0.6,320,0.75,50,0,0,,
75,0.6,320,0.75,70,0,0,,
76,0.55,320,0.75,0,0,0,,
77,0.55,320,0.75,20,0,0,,
78,0.55,320,0.75,30,0,0,,
79,0.55,320,0.75,50,0,0,,
80,0.55,320,0.75,70,0,0,,
81,0.5,320,0.75,0,0,0,,
82,0.5,320,0.75,20,0,0,,
83,0.5,320,0.75,30,0,0,,
84,0.5,320,0.75,50,0,0,,
85,0.5,320,0.75,70,0,0,,
86,0.45,320,0.75,0,0,0,59.1,143
87,0.45,320,0.75,20,0,0,61.5,150
88,0.45,320,0.75,30,0,0,61.5,154
89,0.45,320,0.75,50,0,0,56.3,157
90,0.45,320,0.75,70,0,0,,
91,0.6,300,0.75,0,0,0,,
92,0.6,300,0.75,20,0,0,,
93,0.6,300,0.75,30,0,0,,
94,0.6,300,0.75,50,0,0,,
95,0.6,300,0.75,70,0,0,,
96,0.55,300,0.75,0,0,0,50.9,136
97,0.55,300,0.75,20,0,0,52.7,142
98,0.55,300,0.75,30,0,0,57.3,147
99,0.55,300,0.75,50,0,0,53.8,151
100,0.55,300,0.75,70,0,0,,
101,0.5,300,0.75,0,0,0,,
102,0.5,300,0.75,20,0,0,,
103,0.5,300,0.75,30,0,0,,
104,0.5,300,0.75,50,0,0,,
105,0.5,300,0.75,70,0,0,,
106,0.45,300,0.75,0,0,0,,
107,0.45,300,0.75,20,0,0,,
108,0.45,300,0.75,30,0,0,,
109,0.45,300,0.75,50,0,0,,
110,0.45,300,0.75,70,0,0,,
111,0.6,280,0.75,0,0,0,39.2,128
112,0.6,280,0.75,20,0,0,42.4,136
113,0.6,280,0.75,30,0,0,42.4,140
114,0.6,280,0.75,50,0,0,48.4,144
115,0.6,280,0.75,70,0,0,,
116,0.55,280,0.75,0,0,0,,
117,0.55,280,0.75,20,0,0,,
118,0.55,280,0.75,30,0,0,,
119,0.55,280,0.75,50,0,0,,
120,0.55,280,0.75,70,0,0,,
121,0.5,280,0.75,0,0,0,,
122,0.5,280,0.75,20,0,0,,
123,0.5,280,0.75,30,0,0,,
124,0.5,280,0.75,50,0,0,,
125,0.5,280,0.75,70,0,0,,
126,0.45,280,0.75,0,0,0,,
127,0.45,280,0.75,20,0,0,,
128,0.45,280,0.75,30,0,0,,
129,0.45,280,0.75,50,0,0,,
130,0.45,280,0.75,70,0,0,,
131,0.6,260,0.75,0,0,0,,
132,0.6,260,0.75,20,0,0,,
133,0.6,260,0.75,30,0,0,,
134,0.6,260,0.75,50,0,0,,
135,0.6,260,0.75,70,0,0,,
136,0.55,260,0.75,0,0,0,,
137,0.55,260,0.75,20,0,0,,
138,0.55,260,0.75,30,0,0,,
139,0.55,260,0.75,50,0,0,,
140,0.55,260,0.75,70,0,0,,
141,0.5,260,0.75,0,0,0,,
142,0.5,260,0.75,20,0,0,,
143,0.5,260,0.75,30,0,0,,
144,0.5,260,0.75,50,0,0,,
145,0.5,260,0.75,70,0,0,,
146,0.45,260,0.75,0,0,0,,
147,0.45,260,0.75,20,0,0,,
148,0.45,260,0.75,30,0,0,,
149,0.45,260,0.75,50,0,0,,
150,0.45,260,0.75,70,0,0,,
151,0.6,200,0.75,0,0,0,,
152,0.6,200,0.75,20,0,0,,
153,0.6,200,0.75,30,0,0,,
154,0.6,200,0.75,50,0,0,,
155,0.6,200,0.75,70,0,0,,
156,0.55,200,0.75,0,0,0,,
157,0.55,200,0.75,20,0,0,,
158,0.55,200,0.75,30,0,0,,
159,0.55,200,0.75,50,0,0,,
160,0.55,200,0.75,70,0,0,,
161,0.5,200,0.75,0,0,0,,
162,0.5,200,0.75,20,0,0,,
163,0.5,200,0.75,30,0,0,,
164,0.5,200,0.75,50,0,0,,
165,0.5,200,0.75,70,0,0,,
166,0.45,200,0.75,0,0,0,,
167,0.45,200,0.75,20,0,0,,
168,0.45,200,0.75,30,0,0,,
169,0.45,200,0.75,50,0,0,,
170,0.45,200,0.75,70,0,0,,
171,0.7,320,1,0,0,0,,
172,0.7,320,1,20,0,0,,
173,0.7,320,1,30,0,0,,
174,0.7,320,1,50,0,0,,
175,0.7,320,1,70,0,0,,
176,0.65,320,1,0,0,0,,
177,0.65,320,1,20,0,0,,
178,0.65,320,1,30,0,0,,
179,0.65,320,1,50,0,0,,
180,0.65,320,1,70,0,0,,
181,0.7,300,1,0,0,0,,
182,0.7,300,1,20,0,0,,
183,0.7,300,1,30,0,0,,
184,0.7,300,1,50,0,0,,
185,0.7,300,1,70,0,0,,
186,0.65,300,1,0,0,0,,
187,0.65,300,1,20,0,0,,
188,0.65,300,1,30,0,0,,
189,0.65,300,1,50,0,0,,
190,0.65,300,1,70,0,0,,
191,0.7,280,1,0,0,0,,
192,0.7,280,1,20,0,0,,
193,0.7,280,1,30,0,0,,
194,0.7,280,1,50,0,0,,
195,0.7,280,1,70,0,0,,
196,0.65,280,1,0,0,0,,
197,0.65,280,1,20,0,0,,
198,0.65,280,1,30,0,0,,
199,0.65,280,1,50,0,0,,
200,0.65,280,1,70,0,0,,
201,0.7,260,1,0,0,0,32,119
202,0.7,260,1,20,0,0,37.5,126
203,0.7,260,1,30,0,0,39.7,130
204,0.7,260,1,50,0,0,38.6,135
205,0.7,260,1,70,0,0,,
206,0.65,260,1,0,0,0,,
207,0.65,260,1,20,0,0,,
208,0.65,260,1,30,0,0,,
209,0.65,260,1,50,0,0,,
210,0.65,260,1,70,0,0,,
211,0.7,200,1,0,0,0,,
212,0.7,200,1,20,0,0,,
213,0.7,200,1,30,0,0,,
214,0.7,200,1,50,0,0,,
215,0.7,200,1,70,0,0,,
216,0.65,200,1,0,0,0,,
217,0.65,200,1,20,0,0,,
218,0.65,200,1,30,0,0,,
219,0.65,200,1,50,0,0,,
220,0.65,200,1,70,0,0,,
221,1.05,320,1.5,0,0,0,,
222,1.05,320,1.5,20,0,0,,
223,1.05,320,1.5,30,0,0,,
224,1.05,320,1.5,50,0,0,,
225,1.05,320,1.5,70,0,0,,
226,1.05,300,1.5,0,0,0,,
227,1.05,300,1.5,20,0,0,,
228,1.05,300,1.5,30,0,0,,
229,1.05,300,1.5,50,0,0,,
230,1.05,300,1.5,70,0,0,,
231,1.05,280,1.5,0,0,0,,
232,1.05,280,1.5,20,0,0,,
233,1.05,280,1.5,30,0,0,,
234,1.05,280,1.5,50,0,0,,
235,1.05,280,1.5,70,0,0,,
236,1.05,260,1.5,0,0,0,,
237,1.05,260,1.5,20,0,0,,
238,1.05,260,1.5,30,0,0,,
239,1.05,260,1.5,50,0,0,,
240,1.05,260,1.5,70,0,0,,
241,1.05,200,1.5,0,0,0,11.9,100
242,1.05,200,1.5,20,0,0,17.2,105
243,1.05,200,1.5,30,0,0,19.2,108
244,1.05,200,1.5,50,0,0,20.3,114
245,1.05,200,1.5,70,0,0,,
246,0.6,320,0.75,80,20,0,,
247,0.6,320,0.75,100,20,0,,
248,0.55,320,0.75,80,20,0,,
249,0.55,320,0.75,100,20,0,,
250,0.5,320,0.75,80,20,0,,
251,0.5,320,0.75,100,20,0,,
252,0.45,320,0.75,80,20,0,,
253,0.45,320,0.75,100,20,0,57.7,168
254,0.6,300,0.75,80,20,0,,
255,0.6,300,0.75,100,20,0,,
256,0.55,300,0.75,80,20,0,,
257,0.55,300,0.75,100,20,0,,
258,0.5,300,0.75,80,20,0,,
259,0.5,300,0.75,100,20,0,,
260,0.45,300,0.75,80,20,0,,
261,0.45,300,0.75,100,20,0,,
262,0.6,280,0.75,80,20,0,,
263,0.6,280,0.75,100,20,0,50.7,151
264,0.55,280,0.75,80,20,0,,
265,0.55,280,0.75,100,20,0,,
266,0.5,280,0.75,80,20,0,,
267,0.5,280,0.75,100,20,0,,
268,0.45,280,0.75,80,20,0,,
269,0.45,280,0.75,100,20,0,,
270,0.6,260,0.75,80,20,0,,
271,0.6,260,0.75,100,20,0,,
272,0.55,260,0.75,80,20,0,,
273,0.55,260,0.75,100,20,0,,
274,0.5,260,0.75,80,20,0,,
275,0.5,260,0.75,100,20,0,,
276,0.45,260,0.75,80,20,0,,
277,0.45,260,0.75,100,20,0,,
278,0.6,200,0.75,80,20,0,,
279,0.6,200,0.75,100,20,0,,
280,0.55,200,0.75,80,20,0,,
281,0.55,200,0.75,100,20,0,,
282,0.5,200,0.75,80,20,0,,
283,0.5,200,0.75,100,20,0,,
284,0.45,200,0.75,80,20,0,,
285,0.45,200,0.75,100,20,0,,
286,0.7,320,1,80,20,0,,
287,0.7,320,1,100,20,0,,
288,0.65,320,1,80,20,0,,
289,0.65,320,1,100,20,0,,
290,0.7,300,1,80,20,0,,
291,0.7,300,1,100,20,0,,
292,0.65,300,1,80,20,0,,
293,0.65,300,1,100,20,0,,
294,0.7,280,1,80,20,0,,
295,0.7,280,1,100,20,0,,
296,0.65,280,1,80,20,0,,
297,0.65,280,1,100,20,0,,
298,0.7,260,1,80,20,0,,
299,0.7,260,1,100,20,0,39.8,142
300,0.65,260,1,80,20,0,,
301,0.65,260,1,100,20,0,,
302,0.7,200,1,80,20,0,,
303,0.7,200,1,100,20,0,,
304,0.65,200,1,80,20,0,,
305,0.65,200,1,100,20,0,,
306,1.05,320,1.5,80,20,0,,
307,1.05,320,1.5,100,20,0,,
308,1.05,300,1.5,80,20,0,,
309,1.05,300,1.5,100,20,0,,
310,1.05,280,1.5,80,20,0,,
311,1.05,280,1.5,100,20,0,,
312,1.05,260,1.5,80,20,0,,
313,1.05,260,1.5,100,20,0,,
314,1.05,200,1.5,80,20,0,,
315,1.05,200,1.5,100,20,0,,
316,0.6,320,0.75,0,20,0,,
317,0.6,320,0.75,20,20,0,,
318,0.6,320,0.75,30,20,0,,
319,0.6,320,0.75,50,20,0,,
320,0.6,320,0.75,70,20,0,,
321,0.55,320,0.75,0,20,0,,
322,0.55,320,0.75,20,20,0,,
323,0.55,320,0.75,30,20,0,,
324,0.55,320,0.75,50,20,0,,
325,0.55,320,0.75,70,20,0,,
326,0.5,320,0.75,0,20,0,,
327,0.5,320,0.75,20,20,0,,
328,0.5,320,0.75,30,20,0,,
329,0.5,320,0.75,50,20,0,,
330,0.5,320,0.75,70,20,0,,
331,0.45,320,0.75,0,20,0,,
332,0.45,320,0.75,20,20,0,63.2,150
333,0.45,320,0.75,30,20,0,,
334,0.45,320,0.75,50,20,0,,
335,0.45,320,0.75,70,20,0,,
336,0.6,300,0.75,0,20,0,,
337,0.6,300,0.75,20,20,0,,
338,0.6,300,0.75,30,20,0,,
339,0.6,300,0.75,50,20,0,,
340,0.6,300,0.75,70,20,0,,
341,0.55,300,0.75,0,20,0,,
342,0.55,300,0.75,20,20,0,55.6,142
343,0.55,300,0.75,30,20,0,,
344,0.55,300,0.75,50,20,0,,
345,0.55,300,0.75,70,20,0,,
346,0.5,300,0.75,0,20,0,,
347,0.5,300,0.75,20,20,0,,
348,0.5,300,0.75,30,20,0,,
349,0.5,300,0.75,50,20,0,,
350,0.5,300,0.75,70,20,0,,
351,0.45,300,0.75,0,20,0,,
352,0.45,300,0.75,20,20,0,,
353,0.45,300,0.75,30,20,0,,
354,0.45,300,0.75,50,20,0,,
355,0.45,300,0.75,70,20,0,,
356,0.6,280,0.75,0,20,0,,
357,0.6,280,0.75,20,20,0,45.5,135
358,0.6,280,0.75,30,20,0,,
359,0.6,280,0.75,50,20,0,,
360,0.6,280,0.75,70,20,0,,
361,0.55,280,0.75,0,20,0,,
362,0.55,280,0.75,20,20,0,,
363,0.55,280,0.75,30,20,0,,
364,0.55,280,0.75,50,20,0,,
365,0.55,280,0.75,70,20,0,,
366,0.5,280,0.75,0,20,0,,
367,0.5,280,0.75,20,20,0,,
368,0.5,280,0.75,30,20,0,,
369,0.5,280,0.75,50,20,0,,
370,0.5,280,0.75,70,20,0,,
371,0.45,280,0.75,0,20,0,,
372,0.45,280,0.75,20,20,0,,
373,0.45,280,0.75,30,20,0,,
374,0.45,280,0.75,50,20,0,,
375,0.45,280,0.75,70,20,0,,
376,0.6,260,0.75,0,20,0,,
377,0.6,260,0.75,20,20,0,,
378,0.6,260,0.75,30,20,0,,
379,0.6,260,0.75,50,20,0,,
380,0.6,260,0.75,70,20,0,,
381,0.55,260,0.75,0,20,0,,
382,0.55,260,0.75,20,20,0,,
383,0.55,260,0.75,30,20,0,,
384,0.55,260,0.75,50,20,0,,
385,0.55,260,0.75,70,20,0,,
386,0.5,260,0.75,0,20,0,,
387,0.5,260,0.75,20,20,0,,
388,0.5,260,0.75,30,20,0,,
389,0.5,260,0.75,50,20,0,,
390,0.5,260,0.75,70,20,0,,
391,0.45,260,0.75,0,20,0,,
392,0.45,260,0.75,20,20,0,,
393,0.45,260,0.75,30,20,0,,
394,0.45,260,0.75,50,20,0,,
395,0.45,260,0.75,70,20,0,,
396,0.6,200,0.75,0,20,0,,
397,0.6,200,0.75,20,20,0,,
398,0.6,200,0.75,30,20,0,,
399,0.6,200,0.75,50,20,0,,
400,0.6,200,0.75,70,20,0,,
401,0.55,200,0.75,0,20,0,,
402,0.55,200,0.75,20,20,0,,
403,0.55,200,0.75,30,20,0,,
404,0.55,200,0.75,50,20,0,,
405,0.55,200,0.75,70,20,0,,
406,0.5,200,0.75,0,20,0,,
407,0.5,200,0.75,20,20,0,,
408,0.5,200,0.75,30,20,0,,
409,0.5,200,0.75,50,20,0,,
410,0.5,200,0.75,70,20,0,,
411,0.45,200,0.75,0,20,0,,
412,0.45,200,0.75,20,20,0,,
413,0.45,200,0.75,30,20,0,,
414,0.45,200,0.75,50,20,0,,
415,0.45,200,0.75,70,20,0,,
416,0.7,320,1,0,20,0,,
417,0.7,320,1,20,20,0,,
418,0.7,320,1,30,20,0,,
419,0.7,320,1,50,20,0,,
420,0.7,320,1,70,20,0,,
421,0.65,320,1,0,20,0,,
422,0.65,320,1,20,20,0,,
423,0.65,320,1,30,20,0,,
424,0.65,320,1,50,20,0,,
425,0.65,320,1,70,20,0,,
426,0.7,300,1,0,20,0,,
427,0.7,300,1,20,20,0,,
428,0.7,300,1,30,20,0,,
429,0.7,300,1,50,20,0,,
430,0.7,300,1,70,20,0,,
431,0.65,300,1,0,20,0,,
432,0.65,300,1,20,20,0,,
433,0.65,300,1,30,20,0,,
434,0.65,300,1,50,20,0,,
435,0.65,300,1,70,20,0,,
436,0.7,280,1,0,20,0,,
437,0.7,280,1,20,20,0,,
438,0.7,280,1,30,20,0,,
439,0.7,280,1,50,20,0,,
440,0.7,280,1,70,20,0,,
441,0.65,280,1,0,20,0,,
442,0.65,280,1,20,20,0,,
443,0.65,280,1,30,20,0,,
444,0.65,280,1,50,20,0,,
445,0.65,280,1,70,20,0,,
446,0.7,260,1,0,20,0,,
447,0.7,260,1,20,20,0,35.4,125
448,0.7,260,1,30,20,0,,
449,0.7,260,1,50,20,0,,
450,0.7,260,1,70,20,0,,
451,0.65,260,1,0,20,0,,
452,0.65,260,1,20,20,0,,
453,0.65,260,1,30,20,0,,
454,0.65,260,1,50,20,0,,
455,0.65,260,1,70,20,0,,
456,0.7,200,1,0,20,0,,
457,0.7,200,1,20,20,0,,
458,0.7,200,1,30,20,0,,
459,0.7,200,1,50,20,0,,
460,0.7,200,1,70,20,0,,
461,0.65,200,1,0,20,0,,
462,0.65,200,1,20,20,0,,
463,0.65,200,1,30,20,0,,
464,0.65,200,1,50,20,0,,
465,0.65,200,1,70,20,0,,
466,1.05,320,1.5,0,20,0,,
467,1.05,320,1.5,20,20,0,,
468,1.05,320,1.5,30,20,0,,
469,1.05,320,1.5,50,20,0,,
470,1.05,320,1.5,70,20,0,,
471,1.05,300,1.5,0,20,0,,
472,1.05,300,1.5,20,20,0,,
473,1.05,300,1.5,30,20,0,,
474,1.05,300,1.5,50,20,0,,
475,1.05,300,1.5,70,20,0,,
476,1.05,280,1.5,0,20,0,,
477,1.05,280,1.5,20,20,0,,
478,1.05,280,1.5,30,20,0,,
479,1.05,280,1.5,50,20,0,,
480,1.05,280,1.5,70,20,0,,
481,1.05,260,1.5,0,20,0,,
482,1.05,260,1.5,20,20,0,,
483,1.05,260,1.5,30,20,0,,
484,1.05,260,1.5,50,20,0,,
485,1.05,260,1.5,70,20,0,,
486,1.05,200,1.5,0,20,0,,
487,1.05,200,1.5,20,20,0,19.2,105
488,1.05,200,1.5,30,20,0,,
489,1.05,200,1.5,50,20,0,,
490,1.05,200,1.5,70,20,0,,
491,0.6,320,0.75,80,30,0,,
492,0.6,320,0.75,100,30,0,,
493,0.55,320,0.75,80,30,0,,
494,0.55,320,0.75,100,30,0,,
495,0.5,320,0.75,80,30,0,,
496,0.5,320,0.75,100,30,0,,
497,0.45,320,0.75,80,30,0,,
498,0.45,320,0.75,100,30,0,,
499,0.6,300,0.75,80,30,0,,
500,0.6,300,0.75,100,30,0,,
501,0.55,300,0.75,80,30,0,,
502,0.55,300,0.75,100,30,0,54.1,158
503,0.5,300,0.75,80,30,0,,
504,0.5,300,0.75,100,30,0,,
505,0.45,300,0.75,80,30,0,,
506,0.45,300,0.75,100,30,0,,
507,0.6,280,0.75,80,30,0,,
508,0.6,280,0.75,100,30,0,,
509,0.55,280,0.75,80,30,0,,
510,0.55,280,0.75,100,30,0,,
511,0.5,280,0.75,80,30,0,,
512,0.5,280,0.75,100,30,0,,
513,0.45,280,0.75,80,30,0,,
514,0.45,280,0.75,100,30,0,,
515,0.6,260,0.75,80,30,0,,
516,0.6,260,0.75,100,30,0,,
517,0.55,260,0.75,80,30,0,,
518,0.55,260,0.75,100,30,0,,
519,0.5,260,0.75,80,30,0,,
520,0.5,260,0.75,100,30,0,,
521,0.45,260,0.75,80,30,0,,
522,0.45,260,0.75,100,30,0,,
523,0.6,200,0.75,80,30,0,,
524,0.6,200,0.75,100,30,0,,
525,0.55,200,0.75,80,30,0,,
526,0.55,200,0.75,100,30,0,,
527,0.5,200,0.75,80,30,0,,
528,0.5,200,0.75,100,30,0,,
529,0.45,200,0.75,80,30,0,,
530,0.45,200,0.75,100,30,0,,
531,0.7,320,1,80,30,0,,
532,0.7,320,1,100,30,0,,
533,0.65,320,1,80,30,0,,
534,0.65,320,1,100,30,0,,
535,0.7,300,1,80,30,0,,
536,0.7,300,1,100,30,0,,
537,0.65,300,1,80,30,0,,
538,0.65,300,1,100,30,0,,
539,0.7,280,1,80,30,0,,
540,0.7,280,1,100,30,0,,
541,0.65,280,1,80,30,0,,
542,0.65,280,1,100,30,0,,
543,0.7,260,1,80,30,0,,
544,0.7,260,1,100,30,0,,
545,0.65,260,1,80,30,0,,
546,0.65,260,1,100,30,0,,
547,0.7,200,1,80,30,0,,
548,0.7,200,1,100,30,0,,
549,0.65,200,1,80,30,0,,
550,0.65,200,1,100,30,0,,
551,1.05,320,1.5,80,30,0,,
552,1.05,320,1.5,100,30,0,,
553,1.05,300,1.5,80,30,0,,
554,1.05,300,1.5,100,30,0,,
555,1.05,280,1.5,80,30,0,,
556,1.05,280,1.5,100,30,0,,
557,1.05,260,1.5,80,30,0,,
558,1.05,260,1.5,100,30,0,,
559,1.05,200,1.5,80,30,0,,
560,1.05,200,1.5,100,30,0,19.5,125
561,0.6,320,0.75,0,30,0,37.6,135
562,0.6,320,0.75,20,30,0,,
563,0.6,320,0.75,30,30,0,,
564,0.6,320,0.75,50,30,0,,
565,0.6,320,0.75,70,30,0,,
566,0.55,320,0.75,0,30,0,,
567,0.55,320,0.75,20,30,0,,
568,0.55,320,0.75,30,30,0,,
569,0.55,320,0.75,50,30,0,,
570,0.55,320,0.75,70,30,0,,
571,0.5,320,0.75,0,30,0,,
572,0.5,320,0.75,20,30,0,,
573,0.5,320,0.75,30,30,0,,
574,0.5,320,0.75,50,30,0,,
575,0.5,320,0.75,70,30,0,,
576,0.45,320,0.75,0,30,0,,
577,0.45,320,0.75,20,30,0,,
578,0.45,320,0.75,30,30,0,58.2,151
579,0.45,320,0.75,50,30,0,,
580,0.45,320,0.75,70,30,0,60.9,152
581,0.6,300,0.75,0,30,0,,
582,0.6,300,0.75,20,30,0,,
583,0.6,300,0.75,30,30,0,,
584,0.6,300,0.75,50,30,0,,
585,0.6,300,0.75,70,30,0,,
586,0.55,300,0.75,0,30,0,,
587,0.55,300,0.75,20,30,0,,
588,0.55,300,0.75,30,30,0,58.8,147
589,0.55,300,0.75,50,30,0,,
590,0.55,300,0.75,70,30,0,,
591,0.5,300,0.75,0,30,0,,
592,0.5,300,0.75,20,30,0,,
593,0.5,300,0.75,30,30,0,,
594,0.5,300,0.75,50,30,0,,
595,0.5,300,0.75,70,30,0,,
596,0.45,300,0.75,0,30,0,,
597,0.45,300,0.75,20,30,0,,
598,0.45,300,0.75,30,30,0,,
599,0.45,300,0.75,50,30,0,,
600,0.45,300,0.75,70,30,0,,
601,0.6,280,0.75,0,30,0,,
602,0.6,280,0.75,20,30,0,,
603,0.6,280,0.75,30,30,0,47.7,139
604,0.6,280,0.75,50,30,0,,
605,0.6,280,0.75,70,30,0,,
606,0.55,280,0.75,0,30,0,,
607,0.55,280,0.75,20,30,0,,
608,0.55,280,0.75,30,30,0,,
609,0.55,280,0.75,50,30,0,,
610,0.55,280,0.75,70,30,0,,
611,0.5,280,0.75,0,30,0,,
612,0.5,280,0.75,20,30,0,,
613,0.5,280,0.75,30,30,0,,
614,0.5,280,0.75,50,30,0,,
615,0.5,280,0.75,70,30,0,,
616,0.45,280,0.75,0,30,0,,
617,0.45,280,0.75,20,30,0,,
618,0.45,280,0.75,30,30,0,,
619,0.45,280,0.75,50,30,0,,
620,0.45,280,0.75,70,30,0,,
621,0.6,260,0.75,0,30,0,,
622,0.6,260,0.75,20,30,0,,
623,0.6,260,0.75,30,30,0,,
624,0.6,260,0.75,50,30,0,,
625,0.6,260,0.75,70,30,0,,
626,0.55,260,0.75,0,30,0,,
627,0.55,260,0.75,20,30,0,,
628,0.55,260,0.75,30,30,0,,
629,0.55,260,0.75,50,30,0,,
630,0.55,260,0.75,70,30,0,,
631,0.5,260,0.75,0,30,0,,
632,0.5,260,0.75,20,30,0,,
633,0.5,260,0.75,30,30,0,,
634,0.5,260,0.75,50,30,0,,
635,0.5,260,0.75,70,30,0,,
636,0.45,260,0.75,0,30,0,,
637,0.45,260,0.75,20,30,0,,
638,0.45,260,0.75,30,30,0,,
639,0.45,260,0.75,50,30,0,,
640,0.45,260,0.75,70,30,0,,
641,0.6,200,0.75,0,30,0,,
642,0.6,200,0.75,20,30,0,,
643,0.6,200,0.75,30,30,0,,
644,0.6,200,0.75,50,30,0,,
645,0.6,200,0.75,70,30,0,,
646,0.55,200,0.75,0,30,0,,
647,0.55,200,0.75,20,30,0,,
648,0.55,200,0.75,30,30,0,,
649,0.55,200,0.75,50,30,0,,
650,0.55,200,0.75,70,30,0,,
651,0.5,200,0.75,0,30,0,,
652,0.5,200,0.75,20,30,0,,
653,0.5,200,0.75,30,30,0,,
654,0.5,200,0.75,50,30,0,,
655,0.5,200,0.75,70,30,0,,
656,0.45,200,0.75,0,30,0,,
657,0.45,200,0.75,20,30,0,,
658,0.45,200,0.75,30,30,0,,
659,0.45,200,0.75,50,30,0,,
660,0.45,200,0.75,70,30,0,,
661,0.7,320,1,0,30,0,,
662,0.7,320,1,20,30,0,,
663,0.7,320,1,30,30,0,,
664,0.7,320,1,50,30,0,,
665,0.7,320,1,70,30,0,,
666,0.65,320,1,0,30,0,,
667,0.65,320,1,20,30,0,,
668,0.65,320,1,30,30,0,,
669,0.65,320,1,50,30,0,,
670,0.65,320,1,70,30,0,,
671,0.7,300,1,0,30,0,,
672,0.7,300,1,20,30,0,,
673,0.7,300,1,30,30,0,,
674,0.7,300,1,50,30,0,,
675,0.7,300,1,70,30,0,,
676,0.65,300,1,0,30,0,,
677,0.65,300,1,20,30,0,,
678,0.65,300,1,30,30,0,,
679,0.65,300,1,50,30,0,,
680,0.65,300,1,70,30,0,,
681,0.7,280,1,0,30,0,,
682,0.7,280,1,20,30,0,,
683,0.7,280,1,30,30,0,,
684,0.7,280,1,50,30,0,,
685,0.7,280,1,70,30,0,,
686,0.65,280,1,0,30,0,,
687,0.65,280,1,20,30,0,,
688,0.65,280,1,30,30,0,,
689,0.65,280,1,50,30,0,,
690,0.65,280,1,70,30,0,,
691,0.7,260,1,0,30,0,,
692,0.7,260,1,20,30,0,,
693,0.7,260,1,30,30,0,38.6,129
694,0.7,260,1,50,30,0,,
695,0.7,260,1,70,30,0,31.7,125
696,0.65,260,1,0,30,0,,
697,0.65,260,1,20,30,0,,
698,0.65,260,1,30,30,0,,
699,0.65,260,1,50,30,0,,
700,0.65,260,1,70,30,0,,
701,0.7,200,1,0,30,0,,
702,0.7,200,1,20,30,0,,
703,0.7,200,1,30,30,0,,
704,0.7,200,1,50,30,0,,
705,0.7,200,1,70,30,0,,
706,0.65,200,1,0,30,0,,
707,0.65,200,1,20,30,0,,
708,0.65,200,1,30,30,0,,
709,0.65,200,1,50,30,0,,
710,0.65,200,1,70,30,0,,
711,1.05,320,1.5,0,30,0,,
712,1.05,320,1.5,20,30,0,,
713,1.05,320,1.5,30,30,0,,
714,1.05,320,1.5,50,30,0,,
715,1.05,320,1.5,70,30,0,,
716,1.05,300,1.5,0,30,0,,
717,1.05,300,1.5,20,30,0,,
718,1.05,300,1.5,30,30,0,,
719,1.05,300,1.5,50,30,0,,
720,1.05,300,1.5,70,30,0,,
721,1.05,280,1.5,0,30,0,,
722,1.05,280,1.5,20,30,0,,
723,1.05,280,1.5,30,30,0,,
724,1.05,280,1.5,50,30,0,,
725,1.05,280,1.5,70,30,0,,
726,1.05,260,1.5,0,30,0,,
727,1.05,260,1.5,20,30,0,,
728,1.05,260,1.5,30,30,0,,
729,1.05,260,1.5,50,30,0,,
730,1.05,260,1.5,70,30,0,,
731,1.05,200,1.5,0,30,0,,
732,1.05,200,1.5,20,30,0,,
733,1.05,200,1.5,30,30,0,20.2,108
734,1.05,200,1.5,50,30,0,,
735,1.05,200,1.5,70,30,0,16.7,115
736,0.6,320,0.75,80,50,0,,
737,0.6,320,0.75,100,50,0,,
738,0.55,320,0.75,80,50,0,,
739,0.55,320,0.75,100,50,0,,
740,0.5,320,0.75,80,50,0,,
741,0.5,320,0.75,100,50,0,,
742,0.45,320,0.75,80,50,0,,
743,0.45,320,0.75,100,50,0,,
744,0.6,300,0.75,80,50,0,,
745,0.6,300,0.75,100,50,0,,
746,0.55,300,0.75,80,50,0,,
747,0.55,300,0.75,100,50,0,,
748,0.5,300,0.75,80,50,0,,
749,0.5,300,0.75,100,50,0,,
750,0.45,300,0.75,80,50,0,,
751,0.45,300,0.75,100,50,0,,
752,0.6,280,0.75,80,50,0,,
753,0.6,280,0.75,100,50,0,,
754,0.55,280,0.75,80,50,0,,
755,0.55,280,0.75,100,50,0,,
756,0.5,280,0.75,80,50,0,,
757,0.5,280,0.75,100,50,0,,
758,0.45,280,0.75,80,50,0,,
759,0.45,280,0.75,100,50,0,,
760,0.6,260,0.75,80,50,0,,
761,0.6,260,0.75,100,50,0,,
762,0.55,260,0.75,80,50,0,,
763,0.55,260,0.75,100,50,0,,
764,0.5,260,0.75,80,50,0,,
765,0.5,260,0.75,100,50,0,,
766,0.45,260,0.75,80,50,0,,
767,0.45,260,0.75,100,50,0,,
768,0.6,200,0.75,80,50,0,,
769,0.6,200,0.75,100,50,0,,
770,0.55,200,0.75,80,50,0,,
771,0.55,200,0.75,100,50,0,,
772,0.5,200,0.75,80,50,0,,
773,0.5,200,0.75,100,50,0,,
774,0.45,200,0.75,80,50,0,,
775,0.45,200,0.75,100,50,0,,
776,0.7,320,1,80,50,0,,
777,0.7,320,1,100,50,0,,
778,0.65,320,1,80,50,0,,
779,0.65,320,1,100,50,0,,
780,0.7,300,1,80,50,0,,
781,0.7,300,1,100,50,0,,
782,0.65,300,1,80,50,0,,
783,0.65,300,1,100,50,0,,
784,0.7,280,1,80,50,0,,
785,0.7,280,1,100,50,0,,
786,0.65,280,1,80,50,0,,
787,0.65,280,1,100,50,0,,
788,0.7,260,1,80,50,0,,
789,0.7,260,1,100,50,0,,
790,0.65,260,1,80,50,0,,
791,0.65,260,1,100,50,0,,
792,0.7,200,1,80,50,0,,
793,0.7,200,1,100,50,0,,
794,0.65,200,1,80,50,0,,
795,0.65,200,1,100,50,0,,
796,1.05,320,1.5,80,50,0,,
797,1.05,320,1.5,100,50,0,,
798,1.05,300,1.5,80,50,0,,
799,1.05,300,1.5,100,50,0,,
800,1.05,280,1.5,80,50,0,,
801,1.05,280,1.5,100,50,0,,
802,1.05,260,1.5,80,50,0,,
803,1.05,260,1.5,100,50,0,,
804,1.05,200,1.5,80,50,0,,
805,1.05,200,1.5,100,50,0,,
806,0.6,320,0.75,0,50,0,,
807,0.6,320,0.75,20,50,0,,
808,0.6,320,0.75,30,50,0,,
809,0.6,320,0.75,50,50,0,,
810,0.6,320,0.75,70,50,0,,
811,0.55,320,0.75,0,50,0,,
812,0.55,320,0.75,20,50,0,,
813,0.55,320,0.75,30,50,0,,
814,0.55,320,0.75,50,50,0,,
815,0.55,320,0.75,70,50,0,,
816,0.5,320,0.75,0,50,0,,
817,0.5,320,0.75,20,50,0,,
818,0.5,320,0.75,30,50,0,,
819,0.5,320,0.75,50,50,0,,
820,0.5,320,0.75,70,50,0,,
821,0.45,320,0.75,0,50,0,,
822,0.45,320,0.75,20,50,0,,
823,0.45,320,0.75,30,50,0,,
824,0.45,320,0.75,50,50,0,47.5,154
825,0.45,320,0.75,70,50,0,,
826,0.6,300,0.75,0,50,0,,
827,0.6,300,0.75,20,50,0,,
828,0.6,300,0.75,30,50,0,,
829,0.6,300,0.75,50,50,0,,
830,0.6,300,0.75,70,50,0,,
831,0.55,300,0.75,0,50,0,,
832,0.55,300,0.75,20,50,0,,
833,0.55,300,0.75,30,50,0,,
834,0.55,300,0.75,50,50,0,54.1,150
835,0.55,300,0.75,70,50,0,,
836,0.5,300,0.75,0,50,0,,
837,0.5,300,0.75,20,50,0,,
838,0.5,300,0.75,30,50,0,,
839,0.5,300,0.75,50,50,0,,
840,0.5,300,0.75,70,50,0,,
841,0.45,300,0.75,0,50,0,,
842,0.45,300,0.75,20,50,0,,
843,0.45,300,0.75,30,50,0,,
844,0.45,300,0.75,50,50,0,,
845,0.45,300,0.75,70,50,0,,
846,0.6,280,0.75,0,50,0,,
847,0.6,280,0.75,20,50,0,39.2,131
848,0.6,280,0.75,30,50,0,37.4,130
849,0.6,280,0.75,50,50,0,46.3,142
850,0.6,280,0.75,70,50,0,,
851,0.55,280,0.75,0,50,0,,
852,0.55,280,0.75,20,50,0,,
853,0.55,280,0.75,30,50,0,,
854,0.55,280,0.75,50,50,0,,
855,0.55,280,0.75,70,50,0,,
856,0.5,280,0.75,0,50,0,,
857,0.5,280,0.75,20,50,0,,
858,0.5,280,0.75,30,50,0,,
859,0.5,280,0.75,50,50,0,,
860,0.5,280,0.75,70,50,0,,
861,0.45,280,0.75,0,50,0,,
862,0.45,280,0.75,20,50,0,,
863,0.45,280,0.75,30,50,0,,
864,0.45,280,0.75,50,50,0,,
865,0.45,280,0.75,70,50,0,,
866,0.6,260,0.75,0,50,0,,
867,0.6,260,0.75,20,50,0,,
868,0.6,260,0.75,30,50,0,,
869,0.6,260,0.75,50,50,0,,
870,0.6,260,0.75,70,50,0,,
871,0.55,260,0.75,0,50,0,,
872,0.55,260,0.75,20,50,0,,
873,0.55,260,0.75,30,50,0,,
874,0.55,260,0.75,50,50,0,,
875,0.55,260,0.75,70,50,0,,
876,0.5,260,0.75,0,50,0,,
877,0.5,260,0.75,20,50,0,,
878,0.5,260,0.75,30,50,0,,
879,0.5,260,0.75,50,50,0,,
880,0.5,260,0.75,70,50,0,,
881,0.45,260,0.75,0,50,0,,
882,0.45,260,0.75,20,50,0,,
883,0.45,260,0.75,30,50,0,,
884,0.45,260,0.75,50,50,0,,
885,0.45,260,0.75,70,50,0,,
886,0.6,200,0.75,0,50,0,,
887,0.6,200,0.75,20,50,0,,
888,0.6,200,0.75,30,50,0,,
889,0.6,200,0.75,50,50,0,,
890,0.6,200,0.75,70,50,0,,
891,0.55,200,0.75,0,50,0,,
892,0.55,200,0.75,20,50,0,,
893,0.55,200,0.75,30,50,0,,
894,0.55,200,0.75,50,50,0,,
895,0.55,200,0.75,70,50,0,,
896,0.5,200,0.75,0,50,0,,
897,0.5,200,0.75,20,50,0,,
898,0.5,200,0.75,30,50,0,,
899,0.5,200,0.75,50,50,0,,
900,0.5,200,0.75,70,50,0,,
901,0.45,200,0.75,0,50,0,,
902,0.45,200,0.75,20,50,0,,
903,0.45,200,0.75,30,50,0,,
904,0.45,200,0.75,50,50,0,,
905,0.45,200,0.75,70,50,0,,
906,0.7,320,1,0,50,0,,
907,0.7,320,1,20,50,0,,
908,0.7,320,1,30,50,0,,
909,0.7,320,1,50,50,0,,
910,0.7,320,1,70,50,0,,
911,0.65,320,1,0,50,0,,
912,0.65,320,1,20,50,0,,
913,0.65,320,1,30,50,0,,
914,0.65,320,1,50,50,0,,
915,0.65,320,1,70,50,0,,
916,0.7,300,1,0,50,0,,
917,0.7,300,1,20,50,0,,
918,0.7,300,1,30,50,0,,
919,0.7,300,1,50,50,0,,
920,0.7,300,1,70,50,0,,
921,0.65,300,1,0,50,0,,
922,0.65,300,1,20,50,0,,
923,0.65,300,1,30,50,0,,
924,0.65,300,1,50,50,0,,
925,0.65,300,1,70,50,0,,
926,0.7,280,1,0,50,0,,
927,0.7,280,1,20,50,0,,
928,0.7,280,1,30,50,0,,
929,0.7,280,1,50,50,0,,
930,0.7,280,1,70,50,0,,
931,0.65,280,1,0,50,0,,
932,0.65,280,1,20,50,0,,
933,0.65,280,1,30,50,0,,
934,0.65,280,1,50,50,0,,
935,0.65,280,1,70,50,0,,
936,0.7,260,1,0,50,0,30.7,119
937,0.7,260,1,20,50,0,,
938,0.7,260,1,30,50,0,,
939,0.7,260,1,50,50,0,39.5,135
940,0.7,260,1,70,50,0,,
941,0.65,260,1,0,50,0,,
942,0.65,260,1,20,50,0,,
943,0.65,260,1,30,50,0,,
944,0.65,260,1,50,50,0,,
945,0.65,260,1,70,50,0,,
946,0.7,200,1,0,50,0,,
947,0.7,200,1,20,50,0,,
948,0.7,200,1,30,50,0,,
949,0.7,200,1,50,50,0,,
950,0.7,200,1,70,50,0,,
951,0.65,200,1,0,50,0,,
952,0.65,200,1,20,50,0,,
953,0.65,200,1,30,50,0,,
954,0.65,200,1,50,50,0,,
955,0.65,200,1,70,50,0,,
956,1.05,320,1.5,0,50,0,,
957,1.05,320,1.5,20,50,0,,
958,1.05,320,1.5,30,50,0,,
959,1.05,320,1.5,50,50,0,,
960,1.05,320,1.5,70,50,0,,
961,1.05,300,1.5,0,50,0,,
962,1.05,300,1.5,20,50,0,,
963,1.05,300,1.5,30,50,0,,
964,1.05,300,1.5,50,50,0,,
965,1.05,300,1.5,70,50,0,,
966,1.05,280,1.5,0,50,0,,
967,1.05,280,1.5,20,50,0,,
968,1.05,280,1.5,30,50,0,,
969,1.05,280,1.5,50,50,0,,
970,1.05,280,1.5,70,50,0,,
971,1.05,260,1.5,0,50,0,,
972,1.05,260,1.5,20,50,0,,
973,1.05,260,1.5,30,50,0,,
974,1.05,260,1.5,50,50,0,,
975,1.05,260,1.5,70,50,0,,
976,1.05,200,1.5,0,50,0,,
977,1.05,200,1.5,20,50,0,16.6,107
978,1.05,200,1.5,30,50,0,,
979,1.05,200,1.5,50,50,0,20.4,113
980,1.05,200,1.5,70,50,0,,
981,0.6,320,0.75,80,70,0,,
982,0.6,320,0.75,100,70,0,,
983,0.55,320,0.75,80,70,0,,
984,0.55,320,0.75,100,70,0,,
985,0.5,320,0.75,80,70,0,,
986,0.5,320,0.75,100,70,0,,
987,0.45,320,0.75,80,70,0,,
988,0.45,320,0.75,100,70,0,,
989,0.6,300,0.75,80,70,0,,
990,0.6,300,0.75,100,70,0,,
991,0.55,300,0.75,80,70,0,,
992,0.55,300,0.75,100,70,0,,
993,0.5,300,0.75,80,70,0,,
994,0.5,300,0.75,100,70,0,,
995,0.45,300,0.75,80,70,0,,
996,0.45,300,0.75,100,70,0,,
997,0.6,280,0.75,80,70,0,,
998,0.6,280,0.75,100,70,0,,
999,0.55,280,0.75,80,70,0,,
1000,0.55,280,0.75,100,70,0,,
1001,0.5,280,0.75,80,70,0,,
1002,0.5,280,0.75,100,70,0,,
1003,0.45,280,0.75,80,70,0,,
1004,0.45,280,0.75,100,70,0,,
1005,0.6,260,0.75,80,70,0,,
1006,0.6,260,0.75,100,70,0,,
1007,0.55,260,0.75,80,70,0,,
1008,0.55,260,0.75,100,70,0,,
1009,0.5,260,0.75,80,70,0,,
1010,0.5,260,0.75,100,70,0,,
1011,0.45,260,0.75,80,70,0,,
1012,0.45,260,0.75,100,70,0,,
1013,0.6,200,0.75,80,70,0,,
1014,0.6,200,0.75,100,70,0,,
1015,0.55,200,0.75,80,70,0,,
1016,0.55,200,0.75,100,70,0,,
1017,0.5,200,0.75,80,70,0,,
1018,0.5,200,0.75,100,70,0,,
1019,0.45,200,0.75,80,70,0,,
1020,0.45,200,0.75,100,70,0,,
1021,0.7,320,1,80,70,0,,
1022,0.7,320,1,100,70,0,,
1023,0.65,320,1,80,70,0,,
1024,0.65,320,1,100,70,0,,
1025,0.7,300,1,80,70,0,,
1026,0.7,300,1,100,70,0,,
1027,0.65,300,1,80,70,0,,
1028,0.65,300,1,100,70,0,,
1029,0.7,280,1,80,70,0,,
1030,0.7,280,1,100,70,0,,
1031,0.65,280,1,80,70,0,,
1032,0.65,280,1,100,70,0,,
1033,0.7,260,1,80,70,0,,
1034,0.7,260,1,100,70,0,,
1035,0.65,260,1,80,70,0,,
1036,0.65,260,1,100,70,0,,
1037,0.7,200,1,80,70,0,,
1038,0.7,200,1,100,70,0,,
1039,0.65,200,1,80,70,0,,
1040,0.65,200,1,100,70,0,,
1041,1.05,320,1.5,80,70,0,,
1042,1.05,320,1.5,100,70,0,,
1043,1.05,300,1.5,80,70,0,,
1044,1.05,300,1.5,100,70,0,,
1045,1.05,280,1.5,80,70,0,,
1046,1.05,280,1.5,100,70,0,,
1047,1.05,260,1.5,80,70,0,,
1048,1.05,260,1.5,100,70,0,,
1049,1.05,200,1.5,80,70,0,,
1050,1.05,200,1.5,100,70,0,,
1051,0.6,320,0.75,0,70,0,,
1052,0.6,320,0.75,20,70,0,,
1053,0.6,320,0.75,30,70,0,,
1054,0.6,320,0.75,50,70,0,,
1055,0.6,320,0.75,70,70,0,,
1056,0.55,320,0.75,0,70,0,,
1057,0.55,320,0.75,20,70,0,,
1058,0.55,320,0.75,30,70,0,,
1059,0.55,320,0.75,50,70,0,,
1060,0.55,320,0.75,70,70,0,,
1061,0.5,320,0.75,0,70,0,,
1062,0.5,320,0.75,20,70,0,,
1063,0.5,320,0.75,30,70,0,,
1064,0.5,320,0.75,50,70,0,,
1065,0.5,320,0.75,70,70,0,,
1066,0.45,320,0.75,0,70,0,,
1067,0.45,320,0.75,20,70,0,53.7,145
1068,0.45,320,0.75,30,70,0,49.9,143
1069,0.45,320,0.75,50,70,0,,
1070,0.45,320,0.75,70,70,0,,
1071,0.6,300,0.75,0,70,0,,
1072,0.6,300,0.75,20,70,0,,
1073,0.6,300,0.75,30,70,0,,
1074,0.6,300,0.75,50,70,0,,
1075,0.6,300,0.75,70,70,0,,
1076,0.55,300,0.75,0,70,0,,
1077,0.55,300,0.75,20,70,0,,
1078,0.55,300,0.75,30,70,0,,
1079,0.55,300,0.75,50,70,0,,
1080,0.55,300,0.75,70,70,0,49.2,158
1081,0.5,300,0.75,0,70,0,,
1082,0.5,300,0.75,20,70,0,,
1083,0.5,300,0.75,30,70,0,,
1084,0.5,300,0.75,50,70,0,,
1085,0.5,300,0.75,70,70,0,,
1086,0.45,300,0.75,0,70,0,,
1087,0.45,300,0.75,20,70,0,,
1088,0.45,300,0.75,30,70,0,,
1089,0.45,300,0.75,50,70,0,,
1090,0.45,300,0.75,70,70,0,,
1091,0.6,280,0.75,0,70,0,,
1092,0.6,280,0.75,20,70,0,,
1093,0.6,280,0.75,30,70,0,,
1094,0.6,280,0.75,50,70,0,,
1095,0.6,280,0.75,70,70,0,,
1096,0.55,280,0.75,0,70,0,,
1097,0.55,280,0.75,20,70,0,,
1098,0.55,280,0.75,30,70,0,,
1099,0.55,280,0.75,50,70,0,,
1100,0.55,280,0.75,70,70,0,,
1101,0.5,280,0.75,0,70,0,,
1102,0.5,280,0.75,20,70,0,,
1103,0.5,280,0.75,30,70,0,,
1104,0.5,280,0.75,50,70,0,,
1105,0.5,280,0.75,70,70,0,,
1106,0.45,280,0.75,0,70,0,,
1107,0.45,280,0.75,20,70,0,,
1108,0.45,280,0.75,30,70,0,,
1109,0.45,280,0.75,50,70,0,,
1110,0.45,280,0.75,70,70,0,,
1111,0.6,260,0.75,0,70,0,,
1112,0.6,260,0.75,20,70,0,,
1113,0.6,260,0.75,30,70,0,,
1114,0.6,260,0.75,50,70,0,,
1115,0.6,260,0.75,70,70,0,,
1116,0.55,260,0.75,0,70,0,,
1117,0.55,260,0.75,20,70,0,,
1118,0.55,260,0.75,30,70,0,,
1119,0.55,260,0.75,50,70,0,,
1120,0.55,260,0.75,70,70,0,,
1121,0.5,260,0.75,0,70,0,,
1122,0.5,260,0.75,20,70,0,,
1123,0.5,260,0.75,30,70,0,,
1124,0.5,260,0.75,50,70,0,,
1125,0.5,260,0.75,70,70,0,,
1126,0.45,260,0.75,0,70,0,,
1127,0.45,260,0.75,20,70,0,,
1128,0.45,260,0.75,30,70,0,,
1129,0.45,260,0.75,50,70,0,,
1130,0.45,260,0.75,70,70,0,,
1131,0.6,200,0.75,0,70,0,,
1132,0.6,200,0.75,20,70,0,,
1133,0.6,200,0.75,30,70,0,,
1134,0.6,200,0.75,50,70,0,,
1135,0.6,200,0.75,70,70,0,,
1136,0.55,200,0.75,0,70,0,,
1137,0.55,200,0.75,20,70,0,,
1138,0.55,200,0.75,30,70,0,,
1139,0.55,200,0.75,50,70,0,,
1140,0.55,200,0.75,70,70,0,,
1141,0.5,200,0.75,0,70,0,,
1142,0.5,200,0.75,20,70,0,,
1143,0.5,200,0.75,30,70,0,,
1144,0.5,200,0.75,50,70,0,,
1145,0.5,200,0.75,70,70,0,,
1146,0.45,200,0.75,0,70,0,,
1147,0.45,200,0.75,20,70,0,,
1148,0.45,200,0.75,30,70,0,,
1149,0.45,200,0.75,50,70,0,,
1150,0.45,200,0.75,70,70,0,,
1151,0.7,320,1,0,70,0,,
1152,0.7,320,1,20,70,0,,
1153,0.7,320,1,30,70,0,,
1154,0.7,320,1,50,70,0,,
1155,0.7,320,1,70,70,0,,
1156,0.65,320,1,0,70,0,,
1157,0.65,320,1,20,70,0,,
1158,0.65,320,1,30,70,0,,
1159,0.65,320,1,50,70,0,,
1160,0.65,320,1,70,70,0,,
1161,0.7,300,1,0,70,0,,
1162,0.7,300,1,20,70,0,,
1163,0.7,300,1,30,70,0,,
1164,0.7,300,1,50,70,0,,
1165,0.7,300,1,70,70,0,,
1166,0.65,300,1,0,70,0,,
1167,0.65,300,1,20,70,0,,
1168,0.65,300,1,30,70,0,,
1169,0.65,300,1,50,70,0,,
1170,0.65,300,1,70,70,0,,
1171,0.7,280,1,0,70,0,,
1172,0.7,280,1,20,70,0,,
1173,0.7,280,1,30,70,0,,
1174,0.7,280,1,50,70,0,,
1175,0.7,280,1,70,70,0,,
1176,0.65,280,1,0,70,0,,
1177,0.65,280,1,20,70,0,,
1178,0.65,280,1,30,70,0,,
1179,0.65,280,1,50,70,0,,
1180,0.65,280,1,70,70,0,,
1181,0.7,260,1,0,70,0,,
1182,0.7,260,1,20,70,0,30.2,122
1183,0.7,260,1,30,70,0,,
1184,0.7,260,1,50,70,0,,
1185,0.7,260,1,70,70,0,,
1186,0.65,260,1,0,70,0,,
1187,0.65,260,1,20,70,0,,
1188,0.65,260,1,30,70,0,,
1189,0.65,260,1,50,70,0,,
1190,0.65,260,1,70,70,0,,
1191,0.7,200,1,0,70,0,,
1192,0.7,200,1,20,70,0,,
1193,0.7,200,1,30,70,0,,
1194,0.7,200,1,50,70,0,,
1195,0.7,200,1,70,70,0,,
1196,0.65,200,1,0,70,0,,
1197,0.65,200,1,20,70,0,,
1198,0.65,200,1,30,70,0,,
1199,0.65,200,1,50,70,0,,
1200,0.65,200,1,70,70,0,,
1201,1.05,320,1.5,0,70,0,,
1202,1.05,320,1.5,20,70,0,,
1203,1.05,320,1.5,30,70,0,,
1204,1.05,320,1.5,50,70,0,,
1205,1.05,320,1.5,70,70,0,,
1206,1.05,300,1.5,0,70,0,,
1207,1.05,300,1.5,20,70,0,,
1208,1.05,300,1.5,30,70,0,,
1209,1.05,300,1.5,50,70,0,,
1210,1.05,300,1.5,70,70,0,,
1211,1.05,280,1.5,0,70,0,,
1212,1.05,280,1.5,20,70,0,,
1213,1.05,280,1.5,30,70,0,,
1214,1.05,280,1.5,50,70,0,,
1215,1.05,280,1.5,70,70,0,,
1216,1.05,260,1.5,0,70,0,,
1217,1.05,260,1.5,20,70,0,,
1218,1.05,260,1.5,30,70,0,,
1219,1.05,260,1.5,50,70,0,,
1220,1.05,260,1.5,70,70,0,,
1221,1.05,200,1.5,0,70,0,,
1222,1.05,200,1.5,20,70,0,,
1223,1.05,200,1.5,30,70,0,15.4,108
1224,1.05,200,1.5,50,70,0,,
1225,1.05,200,1.5,70,70,0,,
1226,0.6,320,0.75,80,80,0,,
1227,0.6,320,0.75,100,80,0,,
1228,0.55,320,0.75,80,80,0,,
1229,0.55,320,0.75,100,80,0,,
1230,0.5,320,0.75,80,80,0,,
1231,0.5,320,0.75,100,80,0,,
1232,0.45,320,0.75,80,80,0,,
1233,0.45,320,0.75,100,80,0,,
1234,0.6,300,0.75,80,80,0,,
1235,0.6,300,0.75,100,80,0,,
1236,0.55,300,0.75,80,80,0,,
1237,0.55,300,0.75,100,80,0,,
1238,0.5,300,0.75,80,80,0,,
1239,0.5,300,0.75,100,80,0,,
1240,0.45,300,0.75,80,80,0,,
1241,0.45,300,0.75,100,80,0,,
1242,0.6,280,0.75,80,80,0,43.3,151
1243,0.6,280,0.75,100,80,0,,
1244,0.55,280,0.75,80,80,0,,
1245,0.55,280,0.75,100,80,0,,
1246,0.5,280,0.75,80,80,0,,
1247,0.5,280,0.75,100,80,0,,
1248,0.45,280,0.75,80,80,0,,
1249,0.45,280,0.75,100,80,0,,
1250,0.6,260,0.75,80,80,0,,
1251,0.6,260,0.75,100,80,0,,
1252,0.55,260,0.75,80,80,0,,
1253,0.55,260,0.75,100,80,0,,
1254,0.5,260,0.75,80,80,0,,
1255,0.5,260,0.75,100,80,0,,
1256,0.45,260,0.75,80,80,0,,
1257,0.45,260,0.75,100,80,0,,
1258,0.6,200,0.75,80,80,0,,
1259,0.6,200,0.75,100,80,0,,
1260,0.55,200,0.75,80,80,0,,
1261,0.55,200,0.75,100,80,0,,
1262,0.5,200,0.75,80,80,0,,
1263,0.5,200,0.75,100,80,0,,
1264,0.45,200,0.75,80,80,0,,
1265,0.45,200,0.75,100,80,0,,
1266,0.7,320,1,80,80,0,,
1267,0.7,320,1,100,80,0,,
1268,0.65,320,1,80,80,0,,
1269,0.65,320,1,100,80,0,,
1270,0.7,300,1,80,80,0,,
1271,0.7,300,1,100,80,0,,
1272,0.65,300,1,80,80,0,,
1273,0.65,300,1,100,80,0,,
1274,0.7,280,1,80,80,0,,
1275,0.7,280,1,100,80,0,,
1276,0.65,280,1,80,80,0,,
1277,0.65,280,1,100,80,0,,
1278,0.7,260,1,80,80,0,,
1279,0.7,260,1,100,80,0,,
1280,0.65,260,1,80,80,0,,
1281,0.65,260,1,100,80,0,,
1282,0.7,200,1,80,80,0,,
1283,0.7,200,1,100,80,0,,
1284,0.65,200,1,80,80,0,,
1285,0.65,200,1,100,80,0,,
1286,1.05,320,1.5,80,80,0,,
1287,1.05,320,1.5,100,80,0,,
1288,1.05,300,1.5,80,80,0,,
1289,1.05,300,1.5,100,80,0,,
1290,1.05,280,1.5,80,80,0,,
1291,1.05,280,1.5,100,80,0,,
1292,1.05,260,1.5,80,80,0,,
1293,1.05,260,1.5,100,80,0,,
1294,1.05,200,1.5,80,80,0,,
1295,1.05,200,1.5,100,80,0,,
1296,0.6,320,0.75,0,80,0,,
1297,0.6,320,0.75,20,80,0,,
1298,0.6,320,0.75,30,80,0,,
1299,0.6,320,0.75,50,80,0,,
1300,0.6,320,0.75,70,80,0,,
1301,0.55,320,0.75,0,80,0,,
1302,0.55,320,0.75,20,80,0,,
1303,0.55,320,0.75,30,80,0,,
1304,0.55,320,0.75,50,80,0,,
1305,0.55,320,0.75,70,80,0,,
1306,0.5,320,0.75,0,80,0,,
1307,0.5,320,0.75,20,80,0,,
1308,0.5,320,0.75,30,80,0,,
1309,0.5,320,0.75,50,80,0,,
1310,0.5,320,0.75,70,80,0,,
1311,0.45,320,0.75,0,80,0,54.8,137
1312,0.45,320,0.75,20,80,0,53,146
1313,0.45,320,0.75,30,80,0,,
1314,0.45,320,0.75,50,80,0,,
1315,0.45,320,0.75,70,80,0,,
1316,0.6,300,0.75,0,80,0,,
1317,0.6,300,0.75,20,80,0,,
1318,0.6,300,0.75,30,80,0,,
1319,0.6,300,0.75,50,80,0,,
1320,0.6,300,0.75,70,80,0,,
1321,0.55,300,0.75,0,80,0,43.3,132
1322,0.55,300,0.75,20,80,0,44.9,137
1323,0.55,300,0.75,30,80,0,,
1324,0.55,300,0.75,50,80,0,,
1325,0.55,300,0.75,70,80,0,,
1326,0.5,300,0.75,0,80,0,,
1327,0.5,300,0.75,20,80,0,,
1328,0.5,300,0.75,30,80,0,,
1329,0.5,300,0.75,50,80,0,,
1330,0.5,300,0.75,70,80,0,,
1331,0.45,300,0.75,0,80,0,,
1332,0.45,300,0.75,20,80,0,,
1333,0.45,300,0.75,30,80,0,,
1334,0.45,300,0.75,50,80,0,,
1335,0.45,300,0.75,70,80,0,,
1336,0.6,280,0.75,0,80,0,,
1337,0.6,280,0.75,20,80,0,42.2,148
1338,0.6,280,0.75,30,80,0,,
1339,0.6,280,0.75,50,80,0,,
1340,0.6,280,0.75,70,80,0,,
1341,0.55,280,0.75,0,80,0,,
1342,0.55,280,0.75,20,80,0,,
1343,0.55,280,0.75,30,80,0,,
1344,0.55,280,0.75,50,80,0,,
1345,0.55,280,0.75,70,80,0,,
1346,0.5,280,0.75,0,80,0,,
1347,0.5,280,0.75,20,80,0,,
1348,0.5,280,0.75,30,80,0,,
1349,0.5,280,0.75,50,80,0,,
1350,0.5,280,0.75,70,80,0,,
1351,0.45,280,0.75,0,80,0,,
1352,0.45,280,0.75,20,80,0,,
1353,0.45,280,0.75,30,80,0,,
1354,0.45,280,0.75,50,80,0,,
1355,0.45,280,0.75,70,80,0,,
1356,0.6,260,0.75,0,80,0,,
1357,0.6,260,0.75,20,80,0,,
1358,0.6,260,0.75,30,80,0,,
1359,0.6,260,0.75,50,80,0,,
1360,0.6,260,0.75,70,80,0,,
1361,0.55,260,0.75,0,80,0,,
1362,0.55,260,0.75,20,80,0,,
1363,0.55,260,0.75,30,80,0,,
1364,0.55,260,0.75,50,80,0,,
1365,0.55,260,0.75,70,80,0,,
1366,0.5,260,0.75,0,80,0,,
1367,0.5,260,0.75,20,80,0,,
1368,0.5,260,0.75,30,80,0,,
1369,0.5,260,0.75,50,80,0,,
1370,0.5,260,0.75,70,80,0,,
1371,0.45,260,0.75,0,80,0,,
1372,0.45,260,0.75,20,80,0,,
1373,0.45,260,0.75,30,80,0,,
1374,0.45,260,0.75,50,80,0,,
1375,0.45,260,0.75,70,80,0,,
1376,0.6,200,0.75,0,80,0,,
1377,0.6,200,0.75,20,80,0,,
1378,0.6,200,0.75,30,80,0,,
1379,0.6,200,0.75,50,80,0,,
1380,0.6,200,0.75,70,80,0,,
1381,0.55,200,0.75,0,80,0,,
1382,0.55,200,0.75,20,80,0,,
1383,0.55,200,0.75,30,80,0,,
1384,0.55,200,0.75,50,80,0,,
1385,0.55,200,0.75,70,80,0,,
1386,0.5,200,0.75,0,80,0,,
1387,0.5,200,0.75,20,80,0,,
1388,0.5,200,0.75,30,80,0,,
1389,0.5,200,0.75,50,80,0,,
1390,0.5,200,0.75,70,80,0,,
1391,0.45,200,0.75,0,80,0,,
1392,0.45,200,0.75,20,80,0,,
1393,0.45,200,0.75,30,80,0,,
1394,0.45,200,0.75,50,80,0,,
1395,0.45,200,0.75,70,80,0,,
1396,0.7,320,1,0,80,0,,
1397,0.7,320,1,20,80,0,,
1398,0.7,320,1,30,80,0,,
1399,0.7,320,1,50,80,0,,
1400,0.7,320,1,70,80,0,,
1401,0.65,320,1,0,80,0,,
1402,0.65,320,1,20,80,0,,
1403,0.65,320,1,30,80,0,,
1404,0.65,320,1,50,80,0,,
1405,0.65,320,1,70,80,0,,
1406,0.7,300,1,0,80,0,,
1407,0.7,300,1,20,80,0,,
1408,0.7,300,1,30,80,0,,
1409,0.7,300,1,50,80,0,,
1410,0.7,300,1,70,80,0,,
1411,0.65,300,1,0,80,0,,
1412,0.65,300,1,20,80,0,,
1413,0.65,300,1,30,80,0,,
1414,0.65,300,1,50,80,0,,
1415,0.65,300,1,70,80,0,,
1416,0.7,280,1,0,80,0,,
1417,0.7,280,1,20,80,0,,
1418,0.7,280,1,30,80,0,,
1419,0.7,280,1,50,80,0,,
1420,0.7,280,1,70,80,0,,
1421,0.65,280,1,0,80,0,,
1422,0.65,280,1,20,80,0,,
1423,0.65,280,1,30,80,0,,
1424,0.65,280,1,50,80,0,,
1425,0.65,280,1,70,80,0,,
1426,0.7,260,1,0,80,0,,
1427,0.7,260,1,20,80,0,,
1428,0.7,260,1,30,80,0,,
1429,0.7,260,1,50,80,0,,
1430,0.7,260,1,70,80,0,,
1431,0.65,260,1,0,80,0,,
1432,0.65,260,1,20,80,0,,
1433,0.65,260,1,30,80,0,,
1434,0.65,260,1,50,80,0,,
1435,0.65,260,1,70,80,0,,
1436,0.7,200,1,0,80,0,,
1437,0.7,200,1,20,80,0,,
1438,0.7,200,1,30,80,0,,
1439,0.7,200,1,50,80,0,,
1440,0.7,200,1,70,80,0,,
1441,0.65,200,1,0,80,0,,
1442,0.65,200,1,20,80,0,,
1443,0.65,200,1,30,80,0,,
1444,0.65,200,1,50,80,0,,
1445,0.65,200,1,70,80,0,,
1446,1.05,320,1.5,0,80,0,,
1447,1.05,320,1.5,20,80,0,,
1448,1.05,320,1.5,30,80,0,,
1449,1.05,320,1.5,50,80,0,,
1450,1.05,320,1.5,70,80,0,,
1451,1.05,300,1.5,0,80,0,,
1452,1.05,300,1.5,20,80,0,,
1453,1.05,300,1.5,30,80,0,,
1454,1.05,300,1.5,50,80,0,,
1455,1.05,300,1.5,70,80,0,,
1456,1.05,280,1.5,0,80,0,,
1457,1.05,280,1.5,20,80,0,,
1458,1.05,280,1.5,30,80,0,,
1459,1.05,280,1.5,50,80,0,,
1460,1.05,280,1.5,70,80,0,,
1461,1.05,260,1.5,0,80,0,,
1462,1.05,260,1.5,20,80,0,,
1463,1.05,260,1.5,30,80,0,,
1464,1.05,260,1.5,50,80,0,,
1465,1.05,260,1.5,70,80,0,,
1466,1.05,200,1.5,0,80,0,,
1467,1.05,200,1.5,20,80,0,,
1468,1.05,200,1.5,30,80,0,,
1469,1.05,200,1.5,50,80,0,,
1470,1.05,200,1.5,70,80,0,,
1471,0.6,320,0.75,80,100,0,,
1472,0.6,320,0.75,100,100,0,,
1473,0.55,320,0.75,80,100,0,,
1474,0.55,320,0.75,100,100,0,,
1475,0.5,320,0.75,80,100,0,,
1476,0.5,320,0.75,100,100,0,,
1477,0.45,320,0.75,80,100,0,,
1478,0.45,320,0.75,100,100,0,,
1479,0.6,300,0.75,80,100,0,,
1480,0.6,300,0.75,100,100,0,,
1481,0.55,300,0.75,80,100,0,,
1482,0.55,300,0.75,100,100,0,,
1483,0.5,300,0.75,80,100,0,,
1484,0.5,300,0.75,100,100,0,,
1485,0.45,300,0.75,80,100,0,,
1486,0.45,300,0.75,100,100,0,,
1487,0.6,280,0.75,80,100,0,,
1488,0.6,280,0.75,100,100,0,,
1489,0.55,280,0.75,80,100,0,,
1490,0.55,280,0.75,100,100,0,,
1491,0.5,280,0.75,80,100,0,,
1492,0.5,280,0.75,100,100,0,,
1493,0.45,280,0.75,80,100,0,,
1494,0.45,280,0.75,100,100,0,,
1495,0.6,260,0.75,80,100,0,,
1496,0.6,260,0.75,100,100,0,,
1497,0.55,260,0.75,80,100,0,,
1498,0.55,260,0.75,100,100,0,,
1499,0.5,260,0.75,80,100,0,,
1500,0.5,260,0.75,100,100,0,,
1501,0.45,260,0.75,80,100,0,,
1502,0.45,260,0.75,100,100,0,,
1503,0.6,200,0.75,80,100,0,,
1504,0.6,200,0.75,100,100,0,,
1505,0.55,200,0.75,80,100,0,,
1506,0.55,200,0.75,100,100,0,,
1507,0.5,200,0.75,80,100,0,,
1508,0.5,200,0.75,100,100,0,,
1509,0.45,200,0.75,80,100,0,,
1510,0.45,200,0.75,100,100,0,,
1511,0.7,320,1,80,100,0,,
1512,0.7,320,1,100,100,0,,
1513,0.65,320,1,80,100,0,,
1514,0.65,320,1,100,100,0,,
1515,0.7,300,1,80,100,0,,
1516,0.7,300,1,100,100,0,,
1517,0.65,300,1,80,100,0,,
1518,0.65,300,1,100,100,0,,
1519,0.7,280,1,80,100,0,,
1520,0.7,280,1,100,100,0,,
1521,0.65,280,1,80,100,0,,
1522,0.65,280,1,100,100,0,,
1523,0.7,260,1,80,100,0,,
1524,0.7,260,1,100,100,0,35.1,
1525,0.65,260,1,80,100,0,,
1526,0.65,260,1,100,100,0,,
1527,0.7,200,1,80,100,0,,
1528,0.7,200,1,100,100,0,,
1529,0.65,200,1,80,100,0,,
1530,0.65,200,1,100,100,0,,
1531,1.05,320,1.5,80,100,0,,
1532,1.05,320,1.5,100,100,0,,
1533,1.05,300,1.5,80,100,0,,
1534,1.05,300,1.5,100,100,0,,
1535,1.05,280,1.5,80,100,0,,
1536,1.05,280,1.5,100,100,0,,
1537,1.05,260,1.5,80,100,0,,
1538,1.05,260,1.5,100,100,0,,
1539,1.05,200,1.5,80,100,0,,
1540,1.05,200,1.5,100,100,0,16.5,119
1541,0.6,320,0.75,0,100,0,,
1542,0.6,320,0.75,20,100,0,,
1543,0.6,320,0.75,30,100,0,,
1544,0.6,320,0.75,50,100,0,,
1545,0.6,320,0.75,70,100,0,,
1546,0.55,320,0.75,0,100,0,,
1547,0.55,320,0.75,20,100,0,,
1548,0.55,320,0.75,30,100,0,,
1549,0.55,320,0.75,50,100,0,,
1550,0.55,320,0.75,70,100,0,,
1551,0.5,320,0.75,0,100,0,39.8,131
1552,0.5,320,0.75,20,100,0,50.1,143
1553,0.5,320,0.75,30,100,0,,
1554,0.5,320,0.75,50,100,0,,
1555,0.5,320,0.75,70,100,0,,
1556,0.45,320,0.75,0,100,0,,
1557,0.45,320,0.75,20,100,0,,
1558,0.45,320,0.75,30,100,0,,
1559,0.45,320,0.75,50,100,0,,
1560,0.45,320,0.75,70,100,0,,
1561,0.6,300,0.75,0,100,0,,
1562,0.6,300,0.75,20,100,0,,
1563,0.6,300,0.75,30,100,0,,
1564,0.6,300,0.75,50,100,0,,
1565,0.6,300,0.75,70,100,0,,
1566,0.55,300,0.75,0,100,0,,
1567,0.55,300,0.75,20,100,0,,
1568,0.55,300,0.75,30,100,0,,
1569,0.55,300,0.75,50,100,0,,
1570,0.55,300,0.75,70,100,0,,
1571,0.5,300,0.75,0,100,0,,
1572,0.5,300,0.75,20,100,0,,
1573,0.5,300,0.75,30,100,0,,
1574,0.5,300,0.75,50,100,0,,
1575,0.5,300,0.75,70,100,0,,
1576,0.45,300,0.75,0,100,0,,
1577,0.45,300,0.75,20,100,0,,
1578,0.45,300,0.75,30,100,0,,
1579,0.45,300,0.75,50,100,0,,
1580,0.45,300,0.75,70,100,0,,
1581,0.6,280,0.75,0,100,0,,
1582,0.6,280,0.75,20,100,0,,
1583,0.6,280,0.75,30,100,0,,
1584,0.6,280,0.75,50,100,0,,
1585,0.6,280,0.75,70,100,0,,
1586,0.55,280,0.75,0,100,0,37.5,127
1587,0.55,280,0.75,20,100,0,,
1588,0.55,280,0.75,30,100,0,,
1589,0.55,280,0.75,50,100,0,,
1590,0.55,280,0.75,70,100,0,,
1591,0.5,280,0.75,0,100,0,,
1592,0.5,280,0.75,20,100,0,,
1593,0.5,280,0.75,30,100,0,,
1594,0.5,280,0.75,50,100,0,,
1595,0.5,280,0.75,70,100,0,,
1596,0.45,280,0.75,0,100,0,,
1597,0.45,280,0.75,20,100,0,,
1598,0.45,280,0.75,30,100,0,,
1599,0.45,280,0.75,50,100,0,,
1600,0.45,280,0.75,70,100,0,,
1601,0.6,260,0.75,0,100,0,,
1602,0.6,260,0.75,20,100,0,,
1603,0.6,260,0.75,30,100,0,,
1604,0.6,260,0.75,50,100,0,,
1605,0.6,260,0.75,70,100,0,,
1606,0.55,260,0.75,0,100,0,,
1607,0.55,260,0.75,20,100,0,,
1608,0.55,260,0.75,30,100,0,,
1609,0.55,260,0.75,50,100,0,,
1610,0.55,260,0.75,70,100,0,,
1611,0.5,260,0.75,0,100,0,,
1612,0.5,260,0.75,20,100,0,,
1613,0.5,260,0.75,30,100,0,,
1614,0.5,260,0.75,50,100,0,,
1615,0.5,260,0.75,70,100,0,,
1616,0.45,260,0.75,0,100,0,,
1617,0.45,260,0.75,20,100,0,,
1618,0.45,260,0.75,30,100,0,,
1619,0.45,260,0.75,50,100,0,,
1620,0.45,260,0.75,70,100,0,,
1621,0.6,200,0.75,0,100,0,,
1622,0.6,200,0.75,20,100,0,,
1623,0.6,200,0.75,30,100,0,,
1624,0.6,200,0.75,50,100,0,,
1625,0.6,200,0.75,70,100,0,,
1626,0.55,200,0.75,0,100,0,,
1627,0.55,200,0.75,20,100,0,,
1628,0.55,200,0.75,30,100,0,,
1629,0.55,200,0.75,50,100,0,,
1630,0.55,200,0.75,70,100,0,,
1631,0.5,200,0.75,0,100,0,,
1632,0.5,200,0.75,20,100,0,,
1633,0.5,200,0.75,30,100,0,,
1634,0.5,200,0.75,50,100,0,,
1635,0.5,200,0.75,70,100,0,,
1636,0.45,200,0.75,0,100,0,,
1637,0.45,200,0.75,20,100,0,,
1638,0.45,200,0.75,30,100,0,,
1639,0.45,200,0.75,50,100,0,,
1640,0.45,200,0.75,70,100,0,,
1641,0.7,320,1,0,100,0,,
1642,0.7,320,1,20,100,0,,
1643,0.7,320,1,30,100,0,,
1644,0.7,320,1,50,100,0,,
1645,0.7,320,1,70,100,0,,
1646,0.65,320,1,0,100,0,,
1647,0.65,320,1,20,100,0,,
1648,0.65,320,1,30,100,0,,
1649,0.65,320,1,50,100,0,,
1650,0.65,320,1,70,100,0,,
1651,0.7,300,1,0,100,0,,
1652,0.7,300,1,20,100,0,,
1653,0.7,300,1,30,100,0,,
1654,0.7,300,1,50,100,0,,
1655,0.7,300,1,70,100,0,,
1656,0.65,300,1,0,100,0,,
1657,0.65,300,1,20,100,0,,
1658,0.65,300,1,30,100,0,,
1659,0.65,300,1,50,100,0,,
1660,0.65,300,1,70,100,0,,
1661,0.7,280,1,0,100,0,,
1662,0.7,280,1,20,100,0,,
1663,0.7,280,1,30,100,0,,
1664,0.7,280,1,50,100,0,,
1665,0.7,280,1,70,100,0,,
1666,0.65,280,1,0,100,0,,
1667,0.65,280,1,20,100,0,,
1668,0.65,280,1,30,100,0,,
1669,0.65,280,1,50,100,0,,
1670,0.65,280,1,70,100,0,,
1671,0.7,260,1,0,100,0,,
1672,0.7,260,1,20,100,0,,
1673,0.7,260,1,30,100,0,,
1674,0.7,260,1,50,100,0,,
1675,0.7,260,1,70,100,0,,
1676,0.65,260,1,0,100,0,,
1677,0.65,260,1,20,100,0,,
1678,0.65,260,1,30,100,0,,
1679,0.65,260,1,50,100,0,,
1680,0.65,260,1,70,100,0,,
1681,0.7,200,1,0,100,0,,
1682,0.7,200,1,20,100,0,,
1683,0.7,200,1,30,100,0,,
1684,0.7,200,1,50,100,0,,
1685,0.7,200,1,70,100,0,,
1686,0.65,200,1,0,100,0,,
1687,0.65,200,1,20,100,0,,
1688,0.65,200,1,30,100,0,,
1689,0.65,200,1,50,100,0,,
1690,0.65,200,1,70,100,0,,
1691,1.05,320,1.5,0,100,0,,
1692,1.05,320,1.5,20,100,0,,
1693,1.05,320,1.5,30,100,0,,
1694,1.05,320,1.5,50,100,0,,
1695,1.05,320,1.5,70,100,0,,
1696,1.05,300,1.5,0,100,0,,
1697,1.05,300,1.5,20,100,0,,
1698,1.05,300,1.5,30,100,0,,
1699,1.05,300,1.5,50,100,0,,
1700,1.05,300,1.5,70,100,0,,
1701,1.05,280,1.5,0,100,0,,
1702,1.05,280,1.5,20,100,0,,
1703,1.05,280,1.5,30,100,0,,
1704,1.05,280,1.5,50,100,0,,
1705,1.05,280,1.5,70,100,0,,
1706,1.05,260,1.5,0,100,0,,
1707,1.05,260,1.5,20,100,0,,
1708,1.05,260,1.5,30,100,0,,
1709,1.05,260,1.5,50,100,0,,
1710,1.05,260,1.5,70,100,0,,
1711,1.05,200,1.5,0,100,0,,
1712,1.05,200,1.5,20,100,0,,
1713,1.05,200,1.5,30,100,0,,
1714,1.05,200,1.5,50,100,0,,
1715,1.05,200,1.5,70,100,0,,
1716,0.6,320,0.75,80,0,1,,
1717,0.6,320,0.75,100,0,1,,
1718,0.55,320,0.75,80,0,1,,
1719,0.55,320,0.75,100,0,1,,
1720,0.5,320,0.75,80,0,1,,
1721,0.5,320,0.75,100,0,1,,
1722,0.45,320,0.75,80,0,1,,
1723,0.45,320,0.75,100,0,1,,
1724,0.6,300,0.75,80,0,1,,
1725,0.6,300,0.75,100,0,1,,
1726,0.55,300,0.75,80,0,1,,
1727,0.55,300,0.75,100,0,1,,
1728,0.5,300,0.75,80,0,1,,
1729,0.5,300,0.75,100,0,1,,
1730,0.45,300,0.75,80,0,1,,
1731,0.45,300,0.75,100,0,1,,
1732,0.6,280,0.75,80,0,1,,
1733,0.6,280,0.75,100,0,1,,
1734,0.55,280,0.75,80,0,1,,
1735,0.55,280,0.75,100,0,1,,
1736,0.5,280,0.75,80,0,1,,
1737,0.5,280,0.75,100,0,1,,
1738,0.45,280,0.75,80,0,1,,
1739,0.45,280,0.75,100,0,1,,
1740,0.6,260,0.75,80,0,1,,
1741,0.6,260,0.75,100,0,1,,
1742,0.55,260,0.75,80,0,1,,
1743,0.55,260,0.75,100,0,1,,
1744,0.5,260,0.75,80,0,1,,
1745,0.5,260,0.75,100,0,1,,
1746,0.45,260,0.75,80,0,1,,
1747,0.45,260,0.75,100,0,1,,
1748,0.6,200,0.75,80,0,1,,
1749,0.6,200,0.75,100,0,1,,
1750,0.55,200,0.75,80,0,1,,
1751,0.55,200,0.75,100,0,1,,
1752,0.5,200,0.75,80,0,1,,
1753,0.5,200,0.75,100,0,1,,
1754,0.45,200,0.75,80,0,1,,
1755,0.45,200,0.75,100,0,1,,
1756,0.7,320,1,80,0,1,,
1757,0.7,320,1,100,0,1,,
1758,0.65,320,1,80,0,1,,
1759,0.65,320,1,100,0,1,,
1760,0.7,300,1,80,0,1,,
1761,0.7,300,1,100,0,1,,
1762,0.65,300,1,80,0,1,,
1763,0.65,300,1,100,0,1,,
1764,0.7,280,1,80,0,1,,
1765,0.7,280,1,100,0,1,,
1766,0.65,280,1,80,0,1,,
1767,0.65,280,1,100,0,1,,
1768,0.7,260,1,80,0,1,,
1769,0.7,260,1,100,0,1,,
1770,0.65,260,1,80,0,1,,
1771,0.65,260,1,100,0,1,,
1772,0.7,200,1,80,0,1,,
1773,0.7,200,1,100,0,1,,
1774,0.65,200,1,80,0,1,,
1775,0.65,200,1,100,0,1,,
1776,1.05,320,1.5,80,0,1,,
1777,1.05,320,1.5,100,0,1,,
1778,1.05,300,1.5,80,0,1,,
1779,1.05,300,1.5,100,0,1,,
1780,1.05,280,1.5,80,0,1,,
1781,1.05,280,1.5,100,0,1,,
1782,1.05,260,1.5,80,0,1,,
1783,1.05,260,1.5,100,0,1,,
1784,1.05,200,1.5,80,0,1,,
1785,1.05,200,1.5,100,0,1,,
1786,0.6,320,0.75,0,0,1,,
1787,0.6,320,0.75,20,0,1,,
1788,0.6,320,0.75,30,0,1,,
1789,0.6,320,0.75,50,0,1,,
1790,0.6,320,0.75,70,0,1,,
1791,0.55,320,0.75,0,0,1,,
1792,0.55,320,0.75,20,0,1,,
1793,0.55,320,0.75,30,0,1,,
1794,0.55,320,0.75,50,0,1,,
1795,0.55,320,0.75,70,0,1,,
1796,0.5,320,0.75,0,0,1,,
1797,0.5,320,0.75,20,0,1,,
1798,0.5,320,0.75,30,0,1,,
1799,0.5,320,0.75,50,0,1,,
1800,0.5,320,0.75,70,0,1,,
1801,0.45,320,0.75,0,0,1,51.9,
1802,0.45,320,0.75,20,0,1,53,146
1803,0.45,320,0.75,30,0,1,50.9,148
1804,0.45,320,0.75,50,0,1,49.6,152
1805,0.45,320,0.75,70,0,1,,
1806,0.6,300,0.75,0,0,1,,
1807,0.6,300,0.75,20,0,1,,
1808,0.6,300,0.75,30,0,1,,
1809,0.6,300,0.75,50,0,1,,
1810,0.6,300,0.75,70,0,1,,
1811,0.55,300,0.75,0,0,1,45.1,
1812,0.55,300,0.75,20,0,1,45.8,140
1813,0.55,300,0.75,30,0,1,44.2,141
1814,0.55,300,0.75,50,0,1,42.3,145
1815,0.55,300,0.75,70,0,1,,
1816,0.5,300,0.75,0,0,1,,
1817,0.5,300,0.75,20,0,1,,
1818,0.5,300,0.75,30,0,1,,
1819,0.5,300,0.75,50,0,1,,
1820,0.5,300,0.75,70,0,1,,
1821,0.45,300,0.75,0,0,1,,
1822,0.45,300,0.75,20,0,1,,
1823,0.45,300,0.75,30,0,1,,
1824,0.45,300,0.75,50,0,1,,
1825,0.45,300,0.75,70,0,1,,
1826,0.6,280,0.75,0,0,1,37.9,
1827,0.6,280,0.75,20,0,1,38.2,133
1828,0.6,280,0.75,30,0,1,39.2,134
1829,0.6,280,0.75,50,0,1,38,138
1830,0.6,280,0.75,70,0,1,,
1831,0.55,280,0.75,0,0,1,,
1832,0.55,280,0.75,20,0,1,,
1833,0.55,280,0.75,30,0,1,,
1834,0.55,280,0.75,50,0,1,,
1835,0.55,280,0.75,70,0,1,,
1836,0.5,280,0.75,0,0,1,,
1837,0.5,280,0.75,20,0,1,,
1838,0.5,280,0.75,30,0,1,,
1839,0.5,280,0.75,50,0,1,,
1840,0.5,280,0.75,70,0,1,,
1841,0.45,280,0.75,0,0,1,,
1842,0.45,280,0.75,20,0,1,,
1843,0.45,280,0.75,30,0,1,,
1844,0.45,280,0.75,50,0,1,,
1845,0.45,280,0.75,70,0,1,,
1846,0.6,260,0.75,0,0,1,,
1847,0.6,260,0.75,20,0,1,,
1848,0.6,260,0.75,30,0,1,,
1849,0.6,260,0.75,50,0,1,,
1850,0.6,260,0.75,70,0,1,,
1851,0.55,260,0.75,0,0,1,,
1852,0.55,260,0.75,20,0,1,,
1853,0.55,260,0.75,30,0,1,,
1854,0.55,260,0.75,50,0,1,,
1855,0.55,260,0.75,70,0,1,,
1856,0.5,260,0.75,0,0,1,,
1857,0.5,260,0.75,20,0,1,,
1858,0.5,260,0.75,30,0,1,,
1859,0.5,260,0.75,50,0,1,,
1860,0.5,260,0.75,70,0,1,,
1861,0.45,260,0.75,0,0,1,,
1862,0.45,260,0.75,20,0,1,,
1863,0.45,260,0.75,30,0,1,,
1864,0.45,260,0.75,50,0,1,,
1865,0.45,260,0.75,70,0,1,,
1866,0.6,200,0.75,0,0,1,,
1867,0.6,200,0.75,20,0,1,,
1868,0.6,200,0.75,30,0,1,,
1869,0.6,200,0.75,50,0,1,,
1870,0.6,200,0.75,70,0,1,,
1871,0.55,200,0.75,0,0,1,,
1872,0.55,200,0.75,20,0,1,,
1873,0.55,200,0.75,30,0,1,,
1874,0.55,200,0.75,50,0,1,,
1875,0.55,200,0.75,70,0,1,,
1876,0.5,200,0.75,0,0,1,,
1877,0.5,200,0.75,20,0,1,,
1878,0.5,200,0.75,30,0,1,,
1879,0.5,200,0.75,50,0,1,,
1880,0.5,200,0.75,70,0,1,,
1881,0.45,200,0.75,0,0,1,,
1882,0.45,200,0.75,20,0,1,,
1883,0.45,200,0.75,30,0,1,,
1884,0.45,200,0.75,50,0,1,,
1885,0.45,200,0.75,70,0,1,,
1886,0.7,320,1,0,0,1,,
1887,0.7,320,1,20,0,1,,
1888,0.7,320,1,30,0,1,,
1889,0.7,320,1,50,0,1,,
1890,0.7,320,1,70,0,1,,
1891,0.65,320,1,0,0,1,,
1892,0.65,320,1,20,0,1,,
1893,0.65,320,1,30,0,1,,
1894,0.65,320,1,50,0,1,,
1895,0.65,320,1,70,0,1,,
1896,0.7,300,1,0,0,1,,
1897,0.7,300,1,20,0,1,,
1898,0.7,300,1,30,0,1,,
1899,0.7,300,1,50,0,1,,
1900,0.7,300,1,70,0,1,,
1901,0.65,300,1,0,0,1,,
1902,0.65,300,1,20,0,1,,
1903,0.65,300,1,30,0,1,,
1904,0.65,300,1,50,0,1,,
1905,0.65,300,1,70,0,1,,
1906,0.7,280,1,0,0,1,,
1907,0.7,280,1,20,0,1,,
1908,0.7,280,1,30,0,1,,
1909,0.7,280,1,50,0,1,,
1910,0.7,280,1,70,0,1,,
1911,0.65,280,1,0,0,1,,
1912,0.65,280,1,20,0,1,,
1913,0.65,280,1,30,0,1,,
1914,0.65,280,1,50,0,1,,
1915,0.65,280,1,70,0,1,,
1916,0.7,260,1,0,0,1,31.36,
1917,0.7,260,1,20,0,1,33,124
1918,0.7,260,1,30,0,1,33.6,125
1919,0.7,260,1,50,0,1,32.9,129
1920,0.7,260,1,70,0,1,,
1921,0.65,260,1,0,0,1,,
1922,0.65,260,1,20,0,1,,
1923,0.65,260,1,30,0,1,,
1924,0.65,260,1,50,0,1,,
1925,0.65,260,1,70,0,1,,
1926,0.7,200,1,0,0,1,,
1927,0.7,200,1,20,0,1,,
1928,0.7,200,1,30,0,1,,
1929,0.7,200,1,50,0,1,,
1930,0.7,200,1,70,0,1,,
1931,0.65,200,1,0,0,1,,
1932,0.65,200,1,20,0,1,,
1933,0.65,200,1,30,0,1,,
1934,0.65,200,1,50,0,1,,
1935,0.65,200,1,70,0,1,,
1936,1.05,320,1.5,0,0,1,,
1937,1.05,320,1.5,20,0,1,,
1938,1.05,320,1.5,30,0,1,,
1939,1.05,320,1.5,50,0,1,,
1940,1.05,320,1.5,70,0,1,,
1941,1.05,300,1.5,0,0,1,,
1942,1.05,300,1.5,20,0,1,,
1943,1.05,300,1.5,30,0,1,,
1944,1.05,300,1.5,50,0,1,,
1945,1.05,300,1.5,70,0,1,,
1946,1.05,280,1.5,0,0,1,,
1947,1.05,280,1.5,20,0,1,,
1948,1.05,280,1.5,30,0,1,,
1949,1.05,280,1.5,50,0,1,,
1950,1.05,280,1.5,70,0,1,,
1951,1.05,260,1.5,0,0,1,,
1952,1.05,260,1.5,20,0,1,,
1953,1.05,260,1.5,30,0,1,,
1954,1.05,260,1.5,50,0,1,,
1955,1.05,260,1.5,70,0,1,,
1956,1.05,200,1.5,0,0,1,14.3,
1957,1.05,200,1.5,20,0,1,15.6,104
1958,1.05,200,1.5,30,0,1,16.7,106
1959,1.05,200,1.5,50,0,1,16.9,110
1960,1.05,200,1.5,70,0,1,,
1961,0.6,320,0.75,80,20,1,,
1962,0.6,320,0.75,100,20,1,,
1963,0.55,320,0.75,80,20,1,,
1964,0.55,320,0.75,100,20,1,,
1965,0.5,320,0.75,80,20,1,,
1966,0.5,320,0.75,100,20,1,,
1967,0.45,320,0.75,80,20,1,,
1968,0.45,320,0.75,100,20,1,,
1969,0.6,300,0.75,80,20,1,,
1970,0.6,300,0.75,100,20,1,,
1971,0.55,300,0.75,80,20,1,,
1972,0.55,300,0.75,100,20,1,,
1973,0.5,300,0.75,80,20,1,,
1974,0.5,300,0.75,100,20,1,,
1975,0.45,300,0.75,80,20,1,,
1976,0.45,300,0.75,100,20,1,,
1977,0.6,280,0.75,80,20,1,,
1978,0.6,280,0.75,100,20,1,,
1979,0.55,280,0.75,80,20,1,,
1980,0.55,280,0.75,100,20,1,,
1981,0.5,280,0.75,80,20,1,,
1982,0.5,280,0.75,100,20,1,,
1983,0.45,280,0.75,80,20,1,,
1984,0.45,280,0.75,100,20,1,,
1985,0.6,260,0.75,80,20,1,,
1986,0.6,260,0.75,100,20,1,,
1987,0.55,260,0.75,80,20,1,,
1988,0.55,260,0.75,100,20,1,,
1989,0.5,260,0.75,80,20,1,,
1990,0.5,260,0.75,100,20,1,,
1991,0.45,260,0.75,80,20,1,,
1992,0.45,260,0.75,100,20,1,,
1993,0.6,200,0.75,80,20,1,,
1994,0.6,200,0.75,100,20,1,,
1995,0.55,200,0.75,80,20,1,,
1996,0.55,200,0.75,100,20,1,,
1997,0.5,200,0.75,80,20,1,,
1998,0.5,200,0.75,100,20,1,,
1999,0.45,200,0.75,80,20,1,,
2000,0.45,200,0.75,100,20,1,,
2001,0.7,320,1,80,20,1,,
2002,0.7,320,1,100,20,1,,
2003,0.65,320,1,80,20,1,,
2004,0.65,320,1,100,20,1,,
2005,0.7,300,1,80,20,1,,
2006,0.7,300,1,100,20,1,,
2007,0.65,300,1,80,20,1,,
2008,0.65,300,1,100,20,1,,
2009,0.7,280,1,80,20,1,,
2010,0.7,280,1,100,20,1,,
2011,0.65,280,1,80,20,1,,
2012,0.65,280,1,100,20,1,,
2013,0.7,260,1,80,20,1,,
2014,0.7,260,1,100,20,1,,
2015,0.65,260,1,80,20,1,,
2016,0.65,260,1,100,20,1,,
2017,0.7,200,1,80,20,1,,
2018,0.7,200,1,100,20,1,,
2019,0.65,200,1,80,20,1,,
2020,0.65,200,1,100,20,1,,
2021,1.05,320,1.5,80,20,1,,
2022,1.05,320,1.5,100,20,1,,
2023,1.05,300,1.5,80,20,1,,
2024,1.05,300,1.5,100,20,1,,
2025,1.05,280,1.5,80,20,1,,
2026,1.05,280,1.5,100,20,1,,
2027,1.05,260,1.5,80,20,1,,
2028,1.05,260,1.5,100,20,1,,
2029,1.05,200,1.5,80,20,1,,
2030,1.05,200,1.5,100,20,1,,
2031,0.6,320,0.75,0,20,1,,
2032,0.6,320,0.75,20,20,1,,
2033,0.6,320,0.75,30,20,1,,
2034,0.6,320,0.75,50,20,1,,
2035,0.6,320,0.75,70,20,1,,
2036,0.55,320,0.75,0,20,1,,
2037,0.55,320,0.75,20,20,1,,
2038,0.55,320,0.75,30,20,1,,
2039,0.55,320,0.75,50,20,1,,
2040,0.55,320,0.75,70,20,1,,
2041,0.5,320,0.75,0,20,1,,
2042,0.5,320,0.75,20,20,1,,
2043,0.5,320,0.75,30,20,1,,
2044,0.5,320,0.75,50,20,1,,
2045,0.5,320,0.75,70,20,1,,
2046,0.45,320,0.75,0,20,1,,
2047,0.45,320,0.75,20,20,1,50.6,144
2048,0.45,320,0.75,30,20,1,,
2049,0.45,320,0.75,50,20,1,,
2050,0.45,320,0.75,70,20,1,,
2051,0.6,300,0.75,0,20,1,,
2052,0.6,300,0.75,20,20,1,,
2053,0.6,300,0.75,30,20,1,,
2054,0.6,300,0.75,50,20,1,,
2055,0.6,300,0.75,70,20,1,,
2056,0.55,300,0.75,0,20,1,,
2057,0.55,300,0.75,20,20,1,42.4,138
2058,0.55,300,0.75,30,20,1,,
2059,0.55,300,0.75,50,20,1,,
2060,0.55,300,0.75,70,20,1,,
2061,0.5,300,0.75,0,20,1,,
2062,0.5,300,0.75,20,20,1,,
2063,0.5,300,0.75,30,20,1,,
2064,0.5,300,0.75,50,20,1,,
2065,0.5,300,0.75,70,20,1,,
2066,0.45,300,0.75,0,20,1,,
2067,0.45,300,0.75,20,20,1,,
2068,0.45,300,0.75,30,20,1,,
2069,0.45,300,0.75,50,20,1,,
2070,0.45,300,0.75,70,20,1,,
2071,0.6,280,0.75,0,20,1,,
2072,0.6,280,0.75,20,20,1,36.1,130
2073,0.6,280,0.75,30,20,1,,
2074,0.6,280,0.75,50,20,1,,
2075,0.6,280,0.75,70,20,1,,
2076,0.55,280,0.75,0,20,1,,
2077,0.55,280,0.75,20,20,1,,
2078,0.55,280,0.75,30,20,1,,
2079,0.55,280,0.75,50,20,1,,
2080,0.55,280,0.75,70,20,1,,
2081,0.5,280,0.75,0,20,1,,
2082,0.5,280,0.75,20,20,1,,
2083,0.5,280,0.75,30,20,1,,
2084,0.5,280,0.75,50,20,1,,
2085,0.5,280,0.75,70,20,1,,
2086,0.45,280,0.75,0,20,1,,
2087,0.45,280,0.75,20,20,1,,
2088,0.45,280,0.75,30,20,1,,
2089,0.45,280,0.75,50,20,1,,
2090,0.45,280,0.75,70,20,1,,
2091,0.6,260,0.75,0,20,1,,
2092,0.6,260,0.75,20,20,1,,
2093,0.6,260,0.75,30,20,1,,
2094,0.6,260,0.75,50,20,1,,
2095,0.6,260,0.75,70,20,1,,
2096,0.55,260,0.75,0,20,1,,
2097,0.55,260,0.75,20,20,1,,
2098,0.55,260,0.75,30,20,1,,
2099,0.55,260,0.75,50,20,1,,
2100,0.55,260,0.75,70,20,1,,
2101,0.5,260,0.75,0,20,1,,
2102,0.5,260,0.75,20,20,1,,
2103,0.5,260,0.75,30,20,1,,
2104,0.5,260,0.75,50,20,1,,
2105,0.5,260,0.75,70,20,1,,
2106,0.45,260,0.75,0,20,1,,
2107,0.45,260,0.75,20,20,1,,
2108,0.45,260,0.75,30,20,1,,
2109,0.45,260,0.75,50,20,1,,
2110,0.45,260,0.75,70,20,1,,
2111,0.6,200,0.75,0,20,1,,
2112,0.6,200,0.75,20,20,1,,
2113,0.6,200,0.75,30,20,1,,
2114,0.6,200,0.75,50,20,1,,
2115,0.6,200,0.75,70,20,1,,
2116,0.55,200,0.75,0,20,1,,
2117,0.55,200,0.75,20,20,1,,
2118,0.55,200,0.75,30,20,1,,
2119,0.55,200,0.75,50,20,1,,
2120,0.55,200,0.75,70,20,1,,
2121,0.5,200,0.75,0,20,1,,
2122,0.5,200,0.75,20,20,1,,
2123,0.5,200,0.75,30,20,1,,
2124,0.5,200,0.75,50,20,1,,
2125,0.5,200,0.75,70,20,1,,
2126,0.45,200,0.75,0,20,1,,
2127,0.45,200,0.75,20,20,1,,
2128,0.45,200,0.75,30,20,1,,
2129,0.45,200,0.75,50,20,1,,
2130,0.45,200,0.75,70,20,1,,
2131,0.7,320,1,0,20,1,,
2132,0.7,320,1,20,20,1,,
2133,0.7,320,1,30,20,1,,
2134,0.7,320,1,50,20,1,,
2135,0.7,320,1,70,20,1,,
2136,0.65,320,1,0,20,1,,
2137,0.65,320,1,20,20,1,,
2138,0.65,320,1,30,20,1,,
2139,0.65,320,1,50,20,1,,
2140,0.65,320,1,70,20,1,,
2141,0.7,300,1,0,20,1,,
2142,0.7,300,1,20,20,1,,
2143,0.7,300,1,30,20,1,,
2144,0.7,300,1,50,20,1,,
2145,0.7,300,1,70,20,1,,
2146,0.65,300,1,0,20,1,,
2147,0.65,300,1,20,20,1,,
2148,0.65,300,1,30,20,1,,
2149,0.65,300,1,50,20,1,,
2150,0.65,300,1,70,20,1,,
2151,0.7,280,1,0,20,1,,
2152,0.7,280,1,20,20,1,,
2153,0.7,280,1,30,20,1,,
2154,0.7,280,1,50,20,1,,
2155,0.7,280,1,70,20,1,,
2156,0.65,280,1,0,20,1,,
2157,0.65,280,1,20,20,1,,
2158,0.65,280,1,30,20,1,,
2159,0.65,280,1,50,20,1,,
2160,0.65,280,1,70,20,1,,
2161,0.7,260,1,0,20,1,,
2162,0.7,260,1,20,20,1,32.2,121
2163,0.7,260,1,30,20,1,,
2164,0.7,260,1,50,20,1,,
2165,0.7,260,1,70,20,1,,
2166,0.65,260,1,0,20,1,,
2167,0.65,260,1,20,20,1,,
2168,0.65,260,1,30,20,1,,
2169,0.65,260,1,50,20,1,,
2170,0.65,260,1,70,20,1,,
2171,0.7,200,1,0,20,1,,
2172,0.7,200,1,20,20,1,,
2173,0.7,200,1,30,20,1,,
2174,0.7,200,1,50,20,1,,
2175,0.7,200,1,70,20,1,,
2176,0.65,200,1,0,20,1,,
2177,0.65,200,1,20,20,1,,
2178,0.65,200,1,30,20,1,,
2179,0.65,200,1,50,20,1,,
2180,0.65,200,1,70,20,1,,
2181,1.05,320,1.5,0,20,1,,
2182,1.05,320,1.5,20,20,1,,
2183,1.05,320,1.5,30,20,1,,
2184,1.05,320,1.5,50,20,1,,
2185,1.05,320,1.5,70,20,1,,
2186,1.05,300,1.5,0,20,1,,
2187,1.05,300,1.5,20,20,1,,
2188,1.05,300,1.5,30,20,1,,
2189,1.05,300,1.5,50,20,1,,
2190,1.05,300,1.5,70,20,1,,
2191,1.05,280,1.5,0,20,1,,
2192,1.05,280,1.5,20,20,1,,
2193,1.05,280,1.5,30,20,1,,
2194,1.05,280,1.5,50,20,1,,
2195,1.05,280,1.5,70,20,1,,
2196,1.05,260,1.5,0,20,1,,
2197,1.05,260,1.5,20,20,1,,
2198,1.05,260,1.5,30,20,1,,
2199,1.05,260,1.5,50,20,1,,
2200,1.05,260,1.5,70,20,1,,
2201,1.05,200,1.5,0,20,1,,
2202,1.05,200,1.5,20,20,1,16,103
2203,1.05,200,1.5,30,20,1,,
2204,1.05,200,1.5,50,20,1,,
2205,1.05,200,1.5,70,20,1,,
2206,0.6,320,0.75,80,30,1,,
2207,0.6,320,0.75,100,30,1,,
2208,0.55,320,0.75,80,30,1,,
2209,0.55,320,0.75,100,30,1,,
2210,0.5,320,0.75,80,30,1,,
2211,0.5,320,0.75,100,30,1,,
2212,0.45,320,0.75,80,30,1,,
2213,0.45,320,0.75,100,30,1,,
2214,0.6,300,0.75,80,30,1,,
2215,0.6,300,0.75,100,30,1,,
2216,0.55,300,0.75,80,30,1,,
2217,0.55,300,0.75,100,30,1,,
2218,0.5,300,0.75,80,30,1,,
2219,0.5,300,0.75,100,30,1,,
2220,0.45,300,0.75,80,30,1,,
2221,0.45,300,0.75,100,30,1,,
2222,0.6,280,0.75,80,30,1,,
2223,0.6,280,0.75,100,30,1,,
2224,0.55,280,0.75,80,30,1,,
2225,0.55,280,0.75,100,30,1,,
2226,0.5,280,0.75,80,30,1,,
2227,0.5,280,0.75,100,30,1,,
2228,0.45,280,0.75,80,30,1,,
2229,0.45,280,0.75,100,30,1,,
2230,0.6,260,0.75,80,30,1,,
2231,0.6,260,0.75,100,30,1,,
2232,0.55,260,0.75,80,30,1,,
2233,0.55,260,0.75,100,30,1,,
2234,0.5,260,0.75,80,30,1,,
2235,0.5,260,0.75,100,30,1,,
2236,0.45,260,0.75,80,30,1,,
2237,0.45,260,0.75,100,30,1,,
2238,0.6,200,0.75,80,30,1,,
2239,0.6,200,0.75,100,30,1,,
2240,0.55,200,0.75,80,30,1,,
2241,0.55,200,0.75,100,30,1,,
2242,0.5,200,0.75,80,30,1,,
2243,0.5,200,0.75,100,30,1,,
2244,0.45,200,0.75,80,30,1,,
2245,0.45,200,0.75,100,30,1,,
2246,0.7,320,1,80,30,1,,
2247,0.7,320,1,100,30,1,,
2248,0.65,320,1,80,30,1,,
2249,0.65,320,1,100,30,1,,
2250,0.7,300,1,80,30,1,,
2251,0.7,300,1,100,30,1,,
2252,0.65,300,1,80,30,1,,
2253,0.65,300,1,100,30,1,,
2254,0.7,280,1,80,30,1,,
2255,0.7,280,1,100,30,1,,
2256,0.65,280,1,80,30,1,,
2257,0.65,280,1,100,30,1,,
2258,0.7,260,1,80,30,1,,
2259,0.7,260,1,100,30,1,,
2260,0.65,260,1,80,30,1,,
2261,0.65,260,1,100,30,1,,
2262,0.7,200,1,80,30,1,,
2263,0.7,200,1,100,30,1,,
2264,0.65,200,1,80,30,1,,
2265,0.65,200,1,100,30,1,,
2266,1.05,320,1.5,80,30,1,,
2267,1.05,320,1.5,100,30,1,,
2268,1.05,300,1.5,80,30,1,,
2269,1.05,300,1.5,100,30,1,,
2270,1.05,280,1.5,80,30,1,,
2271,1.05,280,1.5,100,30,1,,
2272,1.05,260,1.5,80,30,1,,
2273,1.05,260,1.5,100,30,1,,
2274,1.05,200,1.5,80,30,1,,
2275,1.05,200,1.5,100,30,1,,
2276,0.6,320,0.75,0,30,1,,
2277,0.6,320,0.75,20,30,1,,
2278,0.6,320,0.75,30,30,1,,
2279,0.6,320,0.75,50,30,1,,
2280,0.6,320,0.75,70,30,1,,
2281,0.55,320,0.75,0,30,1,,
2282,0.55,320,0.75,20,30,1,,
2283,0.55,320,0.75,30,30,1,,
2284,0.55,320,0.75,50,30,1,,
2285,0.55,320,0.75,70,30,1,,
2286,0.5,320,0.75,0,30,1,,
2287,0.5,320,0.75,20,30,1,,
2288,0.5,320,0.75,30,30,1,,
2289,0.5,320,0.75,50,30,1,,
2290,0.5,320,0.75,70,30,1,,
2291,0.45,320,0.75,0,30,1,,
2292,0.45,320,0.75,20,30,1,,
2293,0.45,320,0.75,30,30,1,48.4,151
2294,0.45,320,0.75,50,30,1,,
2295,0.45,320,0.75,70,30,1,,
2296,0.6,300,0.75,0,30,1,,
2297,0.6,300,0.75,20,30,1,,
2298,0.6,300,0.75,30,30,1,,
2299,0.6,300,0.75,50,30,1,,
2300,0.6,300,0.75,70,30,1,,
2301,0.55,300,0.75,0,30,1,,
2302,0.55,300,0.75,20,30,1,,
2303,0.55,300,0.75,30,30,1,40.9,138
2304,0.55,300,0.75,50,30,1,,
2305,0.55,300,0.75,70,30,1,,
2306,0.5,300,0.75,0,30,1,,
2307,0.5,300,0.75,20,30,1,,
2308,0.5,300,0.75,30,30,1,,
2309,0.5,300,0.75,50,30,1,,
2310,0.5,300,0.75,70,30,1,,
2311,0.45,300,0.75,0,30,1,,
2312,0.45,300,0.75,20,30,1,,
2313,0.45,300,0.75,30,30,1,,
2314,0.45,300,0.75,50,30,1,,
2315,0.45,300,0.75,70,30,1,,
2316,0.6,280,0.75,0,30,1,,
2317,0.6,280,0.75,20,30,1,,
2318,0.6,280,0.75,30,30,1,32.8,131
2319,0.6,280,0.75,50,30,1,,
2320,0.6,280,0.75,70,30,1,,
2321,0.55,280,0.75,0,30,1,,
2322,0.55,280,0.75,20,30,1,,
2323,0.55,280,0.75,30,30,1,,
2324,0.55,280,0.75,50,30,1,,
2325,0.55,280,0.75,70,30,1,,
2326,0.5,280,0.75,0,30,1,,
2327,0.5,280,0.75,20,30,1,,
2328,0.5,280,0.75,30,30,1,,
2329,0.5,280,0.75,50,30,1,,
2330,0.5,280,0.75,70,30,1,,
2331,0.45,280,0.75,0,30,1,,
2332,0.45,280,0.75,20,30,1,,
2333,0.45,280,0.75,30,30,1,,
2334,0.45,280,0.75,50,30,1,,
2335,0.45,280,0.75,70,30,1,,
2336,0.6,260,0.75,0,30,1,,
2337,0.6,260,0.75,20,30,1,,
2338,0.6,260,0.75,30,30,1,,
2339,0.6,260,0.75,50,30,1,,
2340,0.6,260,0.75,70,30,1,,
2341,0.55,260,0.75,0,30,1,,
2342,0.55,260,0.75,20,30,1,,
2343,0.55,260,0.75,30,30,1,,
2344,0.55,260,0.75,50,30,1,,
2345,0.55,260,0.75,70,30,1,,
2346,0.5,260,0.75,0,30,1,,
2347,0.5,260,0.75,20,30,1,,
2348,0.5,260,0.75,30,30,1,,
2349,0.5,260,0.75,50,30,1,,
2350,0.5,260,0.75,70,30,1,,
2351,0.45,260,0.75,0,30,1,,
2352,0.45,260,0.75,20,30,1,,
2353,0.45,260,0.75,30,30,1,,
2354,0.45,260,0.75,50,30,1,,
2355,0.45,260,0.75,70,30,1,,
2356,0.6,200,0.75,0,30,1,,
2357,0.6,200,0.75,20,30,1,,
2358,0.6,200,0.75,30,30,1,,
2359,0.6,200,0.75,50,30,1,,
2360,0.6,200,0.75,70,30,1,,
2361,0.55,200,0.75,0,30,1,,
2362,0.55,200,0.75,20,30,1,,
2363,0.55,200,0.75,30,30,1,,
2364,0.55,200,0.75,50,30,1,,
2365,0.55,200,0.75,70,30,1,,
2366,0.5,200,0.75,0,30,1,,
2367,0.5,200,0.75,20,30,1,,
2368,0.5,200,0.75,30,30,1,,
2369,0.5,200,0.75,50,30,1,,
2370,0.5,200,0.75,70,30,1,,
2371,0.45,200,0.75,0,30,1,,
2372,0.45,200,0.75,20,30,1,,
2373,0.45,200,0.75,30,30,1,,
2374,0.45,200,0.75,50,30,1,,
2375,0.45,200,0.75,70,30,1,,
2376,0.7,320,1,0,30,1,,
2377,0.7,320,1,20,30,1,,
2378,0.7,320,1,30,30,1,,
2379,0.7,320,1,50,30,1,,
2380,0.7,320,1,70,30,1,,
2381,0.65,320,1,0,30,1,,
2382,0.65,320,1,20,30,1,,
2383,0.65,320,1,30,30,1,,
2384,0.65,320,1,50,30,1,,
2385,0.65,320,1,70,30,1,,
2386,0.7,300,1,0,30,1,,
2387,0.7,300,1,20,30,1,,
2388,0.7,300,1,30,30,1,,
2389,0.7,300,1,50,30,1,,
2390,0.7,300,1,70,30,1,,
2391,0.65,300,1,0,30,1,,
2392,0.65,300,1,20,30,1,,
2393,0.65,300,1,30,30,1,,
2394,0.65,300,1,50,30,1,,
2395,0.65,300,1,70,30,1,,
2396,0.7,280,1,0,30,1,,
2397,0.7,280,1,20,30,1,,
2398,0.7,280,1,30,30,1,,
2399,0.7,280,1,50,30,1,,
2400,0.7,280,1,70,30,1,,
2401,0.65,280,1,0,30,1,,
2402,0.65,280,1,20,30,1,,
2403,0.65,280,1,30,30,1,,
2404,0.65,280,1,50,30,1,,
2405,0.65,280,1,70,30,1,,
2406,0.7,260,1,0,30,1,,
2407,0.7,260,1,20,30,1,,
2408,0.7,260,1,30,30,1,30,123
2409,0.7,260,1,50,30,1,,
2410,0.7,260,1,70,30,1,,
2411,0.65,260,1,0,30,1,,
2412,0.65,260,1,20,30,1,,
2413,0.65,260,1,30,30,1,,
2414,0.65,260,1,50,30,1,,
2415,0.65,260,1,70,30,1,,
2416,0.7,200,1,0,30,1,,
2417,0.7,200,1,20,30,1,,
2418,0.7,200,1,30,30,1,,
2419,0.7,200,1,50,30,1,,
2420,0.7,200,1,70,30,1,,
2421,0.65,200,1,0,30,1,,
2422,0.65,200,1,20,30,1,,
2423,0.65,200,1,30,30,1,,
2424,0.65,200,1,50,30,1,,
2425,0.65,200,1,70,30,1,,
2426,1.05,320,1.5,0,30,1,,
2427,1.05,320,1.5,20,30,1,,
2428,1.05,320,1.5,30,30,1,,
2429,1.05,320,1.5,50,30,1,,
2430,1.05,320,1.5,70,30,1,,
2431,1.05,300,1.5,0,30,1,,
2432,1.05,300,1.5,20,30,1,,
2433,1.05,300,1.5,30,30,1,,
2434,1.05,300,1.5,50,30,1,,
2435,1.05,300,1.5,70,30,1,,
2436,1.05,280,1.5,0,30,1,,
2437,1.05,280,1.5,20,30,1,,
2438,1.05,280,1.5,30,30,1,,
2439,1.05,280,1.5,50,30,1,,
2440,1.05,280,1.5,70,30,1,,
2441,1.05,260,1.5,0,30,1,,
2442,1.05,260,1.5,20,30,1,,
2443,1.05,260,1.5,30,30,1,,
2444,1.05,260,1.5,50,30,1,,
2445,1.05,260,1.5,70,30,1,,
2446,1.05,200,1.5,0,30,1,,
2447,1.05,200,1.5,20,30,1,,
2448,1.05,200,1.5,30,30,1,15.6,104
2449,1.05,200,1.5,50,30,1,,
2450,1.05,200,1.5,70,30,1,,
2451,0.6,320,0.75,80,50,1,,
2452,0.6,320,0.75,100,50,1,,
2453,0.55,320,0.75,80,50,1,,
2454,0.55,320,0.75,100,50,1,,
2455,0.5,320,0.75,80,50,1,,
2456,0.5,320,0.75,100,50,1,,
2457,0.45,320,0.75,80,50,1,,
2458,0.45,320,0.75,100,50,1,,
2459,0.6,300,0.75,80,50,1,,
2460,0.6,300,0.75,100,50,1,,
2461,0.55,300,0.75,80,50,1,,
2462,0.55,300,0.75,100,50,1,,
2463,0.5,300,0.75,80,50,1,,
2464,0.5,300,0.75,100,50,1,,
2465,0.45,300,0.75,80,50,1,,
2466,0.45,300,0.75,100,50,1,,
2467,0.6,280,0.75,80,50,1,,
2468,0.6,280,0.75,100,50,1,,
2469,0.55,280,0.75,80,50,1,,
2470,0.55,280,0.75,100,50,1,,
2471,0.5,280,0.75,80,50,1,,
2472,0.5,280,0.75,100,50,1,,
2473,0.45,280,0.75,80,50,1,,
2474,0.45,280,0.75,100,50,1,,
2475,0.6,260,0.75,80,50,1,,
2476,0.6,260,0.75,100,50,1,,
2477,0.55,260,0.75,80,50,1,,
2478,0.55,260,0.75,100,50,1,,
2479,0.5,260,0.75,80,50,1,,
2480,0.5,260,0.75,100,50,1,,
2481,0.45,260,0.75,80,50,1,,
2482,0.45,260,0.75,100,50,1,,
2483,0.6,200,0.75,80,50,1,,
2484,0.6,200,0.75,100,50,1,,
2485,0.55,200,0.75,80,50,1,,
2486,0.55,200,0.75,100,50,1,,
2487,0.5,200,0.75,80,50,1,,
2488,0.5,200,0.75,100,50,1,,
2489,0.45,200,0.75,80,50,1,,
2490,0.45,200,0.75,100,50,1,,
2491,0.7,320,1,80,50,1,,
2492,0.7,320,1,100,50,1,,
2493,0.65,320,1,80,50,1,,
2494,0.65,320,1,100,50,1,,
2495,0.7,300,1,80,50,1,,
2496,0.7,300,1,100,50,1,,
2497,0.65,300,1,80,50,1,,
2498,0.65,300,1,100,50,1,,
2499,0.7,280,1,80,50,1,,
2500,0.7,280,1,100,50,1,,
2501,0.65,280,1,80,50,1,,
2502,0.65,280,1,100,50,1,,
2503,0.7,260,1,80,50,1,,
2504,0.7,260,1,100,50,1,,
2505,0.65,260,1,80,50,1,,
2506,0.65,260,1,100,50,1,,
2507,0.7,200,1,80,50,1,,
2508,0.7,200,1,100,50,1,,
2509,0.65,200,1,80,50,1,,
2510,0.65,200,1,100,50,1,,
2511,1.05,320,1.5,80,50,1,,
2512,1.05,320,1.5,100,50,1,,
2513,1.05,300,1.5,80,50,1,,
2514,1.05,300,1.5,100,50,1,,
2515,1.05,280,1.5,80,50,1,,
2516,1.05,280,1.5,100,50,1,,
2517,1.05,260,1.5,80,50,1,,
2518,1.05,260,1.5,100,50,1,,
2519,1.05,200,1.5,80,50,1,,
2520,1.05,200,1.5,100,50,1,,
2521,0.6,320,0.75,0,50,1,,
2522,0.6,320,0.75,20,50,1,,
2523,0.6,320,0.75,30,50,1,,
2524,0.6,320,0.75,50,50,1,,
2525,0.6,320,0.75,70,50,1,,
2526,0.55,320,0.75,0,50,1,,
2527,0.55,320,0.75,20,50,1,,
2528,0.55,320,0.75,30,50,1,,
2529,0.55,320,0.75,50,50,1,,
2530,0.55,320,0.75,70,50,1,,
2531,0.5,320,0.75,0,50,1,,
2532,0.5,320,0.75,20,50,1,,
2533,0.5,320,0.75,30,50,1,,
2534,0.5,320,0.75,50,50,1,,
2535,0.5,320,0.75,70,50,1,,
2536,0.45,320,0.75,0,50,1,,
2537,0.45,320,0.75,20,50,1,,
2538,0.45,320,0.75,30,50,1,,
2539,0.45,320,0.75,50,50,1,42.4,148
2540,0.45,320,0.75,70,50,1,,
2541,0.6,300,0.75,0,50,1,,
2542,0.6,300,0.75,20,50,1,,
2543,0.6,300,0.75,30,50,1,,
2544,0.6,300,0.75,50,50,1,,
2545,0.6,300,0.75,70,50,1,,
2546,0.55,300,0.75,0,50,1,,
2547,0.55,300,0.75,20,50,1,,
2548,0.55,300,0.75,30,50,1,,
2549,0.55,300,0.75,50,50,1,39.1,140
2550,0.55,300,0.75,70,50,1,,
2551,0.5,300,0.75,0,50,1,,
2552,0.5,300,0.75,20,50,1,,
2553,0.5,300,0.75,30,50,1,,
2554,0.5,300,0.75,50,50,1,,
2555,0.5,300,0.75,70,50,1,,
2556,0.45,300,0.75,0,50,1,,
2557,0.45,300,0.75,20,50,1,,
2558,0.45,300,0.75,30,50,1,,
2559,0.45,300,0.75,50,50,1,,
2560,0.45,300,0.75,70,50,1,,
2561,0.6,280,0.75,0,50,1,,
2562,0.6,280,0.75,20,50,1,,
2563,0.6,280,0.75,30,50,1,,
2564,0.6,280,0.75,50,50,1,32.9,133
2565,0.6,280,0.75,70,50,1,,
2566,0.55,280,0.75,0,50,1,,
2567,0.55,280,0.75,20,50,1,,
2568,0.55,280,0.75,30,50,1,,
2569,0.55,280,0.75,50,50,1,,
2570,0.55,280,0.75,70,50,1,,
2571,0.5,280,0.75,0,50,1,,
2572,0.5,280,0.75,20,50,1,,
2573,0.5,280,0.75,30,50,1,,
2574,0.5,280,0.75,50,50,1,,
2575,0.5,280,0.75,70,50,1,,
2576,0.45,280,0.75,0,50,1,,
2577,0.45,280,0.75,20,50,1,,
2578,0.45,280,0.75,30,50,1,,
2579,0.45,280,0.75,50,50,1,,
2580,0.45,280,0.75,70,50,1,,
2581,0.6,260,0.75,0,50,1,,
2582,0.6,260,0.75,20,50,1,,
2583,0.6,260,0.75,30,50,1,,
2584,0.6,260,0.75,50,50,1,,
2585,0.6,260,0.75,70,50,1,,
2586,0.55,260,0.75,0,50,1,,
2587,0.55,260,0.75,20,50,1,,
2588,0.55,260,0.75,30,50,1,,
2589,0.55,260,0.75,50,50,1,,
2590,0.55,260,0.75,70,50,1,,
2591,0.5,260,0.75,0,50,1,,
2592,0.5,260,0.75,20,50,1,,
2593,0.5,260,0.75,30,50,1,,
2594,0.5,260,0.75,50,50,1,,
2595,0.5,260,0.75,70,50,1,,
2596,0.45,260,0.75,0,50,1,,
2597,0.45,260,0.75,20,50,1,,
2598,0.45,260,0.75,30,50,1,,
2599,0.45,260,0.75,50,50,1,,
2600,0.45,260,0.75,70,50,1,,
2601,0.6,200,0.75,0,50,1,,
2602,0.6,200,0.75,20,50,1,,
2603,0.6,200,0.75,30,50,1,,
2604,0.6,200,0.75,50,50,1,,
2605,0.6,200,0.75,70,50,1,,
2606,0.55,200,0.75,0,50,1,,
2607,0.55,200,0.75,20,50,1,,
2608,0.55,200,0.75,30,50,1,,
2609,0.55,200,0.75,50,50,1,,
2610,0.55,200,0.75,70,50,1,,
2611,0.5,200,0.75,0,50,1,,
2612,0.5,200,0.75,20,50,1,,
2613,0.5,200,0.75,30,50,1,,
2614,0.5,200,0.75,50,50,1,,
2615,0.5,200,0.75,70,50,1,,
2616,0.45,200,0.75,0,50,1,,
2617,0.45,200,0.75,20,50,1,,
2618,0.45,200,0.75,30,50,1,,
2619,0.45,200,0.75,50,50,1,,
2620,0.45,200,0.75,70,50,1,,
2621,0.7,320,1,0,50,1,,
2622,0.7,320,1,20,50,1,,
2623,0.7,320,1,30,50,1,,
2624,0.7,320,1,50,50,1,,
2625,0.7,320,1,70,50,1,,
2626,0.65,320,1,0,50,1,,
2627,0.65,320,1,20,50,1,,
2628,0.65,320,1,30,50,1,,
2629,0.65,320,1,50,50,1,,
2630,0.65,320,1,70,50,1,,
2631,0.7,300,1,0,50,1,,
2632,0.7,300,1,20,50,1,,
2633,0.7,300,1,30,50,1,,
2634,0.7,300,1,50,50,1,,
2635,0.7,300,1,70,50,1,,
2636,0.65,300,1,0,50,1,,
2637,0.65,300,1,20,50,1,,
2638,0.65,300,1,30,50,1,,
2639,0.65,300,1,50,50,1,,
2640,0.65,300,1,70,50,1,,
2641,0.7,280,1,0,50,1,,
2642,0.7,280,1,20,50,1,,
2643,0.7,280,1,30,50,1,,
2644,0.7,280,1,50,50,1,,
2645,0.7,280,1,70,50,1,,
2646,0.65,280,1,0,50,1,,
2647,0.65,280,1,20,50,1,,
2648,0.65,280,1,30,50,1,,
2649,0.65,280,1,50,50,1,,
2650,0.65,280,1,70,50,1,,
2651,0.7,260,1,0,50,1,,
2652,0.7,260,1,20,50,1,,
2653,0.7,260,1,30,50,1,,
2654,0.7,260,1,50,50,1,27.9,125
2655,0.7,260,1,70,50,1,,
2656,0.65,260,1,0,50,1,,
2657,0.65,260,1,20,50,1,,
2658,0.65,260,1,30,50,1,,
2659,0.65,260,1,50,50,1,,
2660,0.65,260,1,70,50,1,,
2661,0.7,200,1,0,50,1,,
2662,0.7,200,1,20,50,1,,
2663,0.7,200,1,30,50,1,,
2664,0.7,200,1,50,50,1,,
2665,0.7,200,1,70,50,1,,
2666,0.65,200,1,0,50,1,,
2667,0.65,200,1,20,50,1,,
2668,0.65,200,1,30,50,1,,
2669,0.65,200,1,50,50,1,,
2670,0.65,200,1,70,50,1,,
2671,1.05,320,1.5,0,50,1,,
2672,1.05,320,1.5,20,50,1,,
2673,1.05,320,1.5,30,50,1,,
2674,1.05,320,1.5,50,50,1,,
2675,1.05,320,1.5,70,50,1,,
2676,1.05,300,1.5,0,50,1,,
2677,1.05,300,1.5,20,50,1,,
2678,1.05,300,1.5,30,50,1,,
2679,1.05,300,1.5,50,50,1,,
2680,1.05,300,1.5,70,50,1,,
2681,1.05,280,1.5,0,50,1,,
2682,1.05,280,1.5,20,50,1,,
2683,1.05,280,1.5,30,50,1,,
2684,1.05,280,1.5,50,50,1,,
2685,1.05,280,1.5,70,50,1,,
2686,1.05,260,1.5,0,50,1,,
2687,1.05,260,1.5,20,50,1,,
2688,1.05,260,1.5,30,50,1,,
2689,1.05,260,1.5,50,50,1,,
2690,1.05,260,1.5,70,50,1,,
2691,1.05,200,1.5,0,50,1,,
2692,1.05,200,1.5,20,50,1,,
2693,1.05,200,1.5,30,50,1,,
2694,1.05,200,1.5,50,50,1,14.1,107
2695,1.05,200,1.5,70,50,1,,
2696,0.6,320,0.75,80,70,1,,
2697,0.6,320,0.75,100,70,1,,
2698,0.55,320,0.75,80,70,1,,
2699,0.55,320,0.75,100,70,1,,
2700,0.5,320,0.75,80,70,1,,
2701,0.5,320,0.75,100,70,1,,
2702,0.45,320,0.75,80,70,1,,
2703,0.45,320,0.75,100,70,1,,
2704,0.6,300,0.75,80,70,1,,
2705,0.6,300,0.75,100,70,1,,
2706,0.55,300,0.75,80,70,1,,
2707,0.55,300,0.75,100,70,1,,
2708,0.5,300,0.75,80,70,1,,
2709,0.5,300,0.75,100,70,1,,
2710,0.45,300,0.75,80,70,1,,
2711,0.45,300,0.75,100,70,1,,
2712,0.6,280,0.75,80,70,1,,
2713,0.6,280,0.75,100,70,1,,
2714,0.55,280,0.75,80,70,1,,
2715,0.55,280,0.75,100,70,1,,
2716,0.5,280,0.75,80,70,1,,
2717,0.5,280,0.75,100,70,1,,
2718,0.45,280,0.75,80,70,1,,
2719,0.45,280,0.75,100,70,1,,
2720,0.6,260,0.75,80,70,1,,
2721,0.6,260,0.75,100,70,1,,
2722,0.55,260,0.75,80,70,1,,
2723,0.55,260,0.75,100,70,1,,
2724,0.5,260,0.75,80,70,1,,
2725,0.5,260,0.75,100,70,1,,
2726,0.45,260,0.75,80,70,1,,
2727,0.45,260,0.75,100,70,1,,
2728,0.6,200,0.75,80,70,1,,
2729,0.6,200,0.75,100,70,1,,
2730,0.55,200,0.75,80,70,1,,
2731,0.55,200,0.75,100,70,1,,
2732,0.5,200,0.75,80,70,1,,
2733,0.5,200,0.75,100,70,1,,
2734,0.45,200,0.75,80,70,1,,
2735,0.45,200,0.75,100,70,1,,
2736,0.7,320,1,80,70,1,,
2737,0.7,320,1,100,70,1,,
2738,0.65,320,1,80,70,1,,
2739,0.65,320,1,100,70,1,,
2740,0.7,300,1,80,70,1,,
2741,0.7,300,1,100,70,1,,
2742,0.65,300,1,80,70,1,,
2743,0.65,300,1,100,70,1,,
2744,0.7,280,1,80,70,1,,
2745,0.7,280,1,100,70,1,,
2746,0.65,280,1,80,70,1,,
2747,0.65,280,1,100,70,1,,
2748,0.7,260,1,80,70,1,,
2749,0.7,260,1,100,70,1,,
2750,0.65,260,1,80,70,1,,
2751,0.65,260,1,100,70,1,,
2752,0.7,200,1,80,70,1,,
2753,0.7,200,1,100,70,1,,
2754,0.65,200,1,80,70,1,,
2755,0.65,200,1,100,70,1,,
2756,1.05,320,1.5,80,70,1,,
2757,1.05,320,1.5,100,70,1,,
2758,1.05,300,1.5,80,70,1,,
2759,1.05,300,1.5,100,70,1,,
2760,1.05,280,1.5,80,70,1,,
2761,1.05,280,1.5,100,70,1,,
2762,1.05,260,1.5,80,70,1,,
2763,1.05,260,1.5,100,70,1,,
2764,1.05,200,1.5,80,70,1,,
2765,1.05,200,1.5,100,70,1,,
2766,0.6,320,0.75,0,70,1,,
2767,0.6,320,0.75,20,70,1,,
2768,0.6,320,0.75,30,70,1,,
2769,0.6,320,0.75,50,70,1,,
2770,0.6,320,0.75,70,70,1,,
2771,0.55,320,0.75,0,70,1,,
2772,0.55,320,0.75,20,70,1,,
2773,0.55,320,0.75,30,70,1,,
2774,0.55,320,0.75,50,70,1,,
2775,0.55,320,0.75,70,70,1,,
2776,0.5,320,0.75,0,70,1,,
2777,0.5,320,0.75,20,70,1,,
2778,0.5,320,0.75,30,70,1,,
2779,0.5,320,0.75,50,70,1,,
2780,0.5,320,0.75,70,70,1,,
2781,0.45,320,0.75,0,70,1,,
2782,0.45,320,0.75,20,70,1,,
2783,0.45,320,0.75,30,70,1,,
2784,0.45,320,0.75,50,70,1,,
2785,0.45,320,0.75,70,70,1,,
2786,0.6,300,0.75,0,70,1,,
2787,0.6,300,0.75,20,70,1,,
2788,0.6,300,0.75,30,70,1,,
2789,0.6,300,0.75,50,70,1,,
2790,0.6,300,0.75,70,70,1,,
2791,0.55,300,0.75,0,70,1,,
2792,0.55,300,0.75,20,70,1,49.6,150
2793,0.55,300,0.75,30,70,1,,
2794,0.55,300,0.75,50,70,1,,
2795,0.55,300,0.75,70,70,1,,
2796,0.5,300,0.75,0,70,1,,
2797,0.5,300,0.75,20,70,1,,
2798,0.5,300,0.75,30,70,1,,
2799,0.5,300,0.75,50,70,1,,
2800,0.5,300,0.75,70,70,1,,
2801,0.45,300,0.75,0,70,1,,
2802,0.45,300,0.75,20,70,1,,
2803,0.45,300,0.75,30,70,1,,
2804,0.45,300,0.75,50,70,1,,
2805,0.45,300,0.75,70,70,1,,
2806,0.6,280,0.75,0,70,1,,
2807,0.6,280,0.75,20,70,1,,
2808,0.6,280,0.75,30,70,1,,
2809,0.6,280,0.75,50,70,1,,
2810,0.6,280,0.75,70,70,1,,
2811,0.55,280,0.75,0,70,1,,
2812,0.55,280,0.75,20,70,1,,
2813,0.55,280,0.75,30,70,1,,
2814,0.55,280,0.75,50,70,1,,
2815,0.55,280,0.75,70,70,1,,
2816,0.5,280,0.75,0,70,1,,
2817,0.5,280,0.75,20,70,1,,
2818,0.5,280,0.75,30,70,1,,
2819,0.5,280,0.75,50,70,1,,
2820,0.5,280,0.75,70,70,1,,
2821,0.45,280,0.75,0,70,1,,
2822,0.45,280,0.75,20,70,1,,
2823,0.45,280,0.75,30,70,1,,
2824,0.45,280,0.75,50,70,1,,
2825,0.45,280,0.75,70,70,1,,
2826,0.6,260,0.75,0,70,1,,
2827,0.6,260,0.75,20,70,1,,
2828,0.6,260,0.75,30,70,1,,
2829,0.6,260,0.75,50,70,1,,
2830,0.6,260,0.75,70,70,1,,
2831,0.55,260,0.75,0,70,1,,
2832,0.55,260,0.75,20,70,1,,
2833,0.55,260,0.75,30,70,1,,
2834,0.55,260,0.75,50,70,1,,
2835,0.55,260,0.75,70,70,1,,
2836,0.5,260,0.75,0,70,1,,
2837,0.5,260,0.75,20,70,1,,
2838,0.5,260,0.75,30,70,1,,
2839,0.5,260,0.75,50,70,1,,
2840,0.5,260,0.75,70,70,1,,
2841,0.45,260,0.75,0,70,1,,
2842,0.45,260,0.75,20,70,1,,
2843,0.45,260,0.75,30,70,1,,
2844,0.45,260,0.75,50,70,1,,
2845,0.45,260,0.75,70,70,1,,
2846,0.6,200,0.75,0,70,1,,
2847,0.6,200,0.75,20,70,1,,
2848,0.6,200,0.75,30,70,1,,
2849,0.6,200,0.75,50,70,1,,
2850,0.6,200,0.75,70,70,1,,
2851,0.55,200,0.75,0,70,1,,
2852,0.55,200,0.75,20,70,1,,
2853,0.55,200,0.75,30,70,1,,
2854,0.55,200,0.75,50,70,1,,
2855,0.55,200,0.75,70,70,1,,
2856,0.5,200,0.75,0,70,1,,
2857,0.5,200,0.75,20,70,1,,
2858,0.5,200,0.75,30,70,1,,
2859,0.5,200,0.75,50,70,1,,
2860,0.5,200,0.75,70,70,1,,
2861,0.45,200,0.75,0,70,1,,
2862,0.45,200,0.75,20,70,1,,
2863,0.45,200,0.75,30,70,1,,
2864,0.45,200,0.75,50,70,1,,
2865,0.45,200,0.75,70,70,1,,
2866,0.7,320,1,0,70,1,,
2867,0.7,320,1,20,70,1,,
2868,0.7,320,1,30,70,1,,
2869,0.7,320,1,50,70,1,,
2870,0.7,320,1,70,70,1,,
2871,0.65,320,1,0,70,1,,
2872,0.65,320,1,20,70,1,,
2873,0.65,320,1,30,70,1,,
2874,0.65,320,1,50,70,1,,
2875,0.65,320,1,70,70,1,,
2876,0.7,300,1,0,70,1,,
2877,0.7,300,1,20,70,1,,
2878,0.7,300,1,30,70,1,,
2879,0.7,300,1,50,70,1,,
2880,0.7,300,1,70,70,1,,
2881,0.65,300,1,0,70,1,,
2882,0.65,300,1,20,70,1,,
2883,0.65,300,1,30,70,1,,
2884,0.65,300,1,50,70,1,,
2885,0.65,300,1,70,70,1,,
2886,0.7,280,1,0,70,1,,
2887,0.7,280,1,20,70,1,,
2888,0.7,280,1,30,70,1,,
2889,0.7,280,1,50,70,1,,
2890,0.7,280,1,70,70,1,,
2891,0.65,280,1,0,70,1,,
2892,0.65,280,1,20,70,1,,
2893,0.65,280,1,30,70,1,,
2894,0.65,280,1,50,70,1,,
2895,0.65,280,1,70,70,1,,
2896,0.7,260,1,0,70,1,,
2897,0.7,260,1,20,70,1,,
2898,0.7,260,1,30,70,1,,
2899,0.7,260,1,50,70,1,,
2900,0.7,260,1,70,70,1,,
2901,0.65,260,1,0,70,1,,
2902,0.65,260,1,20,70,1,,
2903,0.65,260,1,30,70,1,,
2904,0.65,260,1,50,70,1,,
2905,0.65,260,1,70,70,1,,
2906,0.7,200,1,0,70,1,,
2907,0.7,200,1,20,70,1,,
2908,0.7,200,1,30,70,1,,
2909,0.7,200,1,50,70,1,,
2910,0.7,200,1,70,70,1,,
2911,0.65,200,1,0,70,1,,
2912,0.65,200,1,20,70,1,,
2913,0.65,200,1,30,70,1,,
2914,0.65,200,1,50,70,1,,
2915,0.65,200,1,70,70,1,,
2916,1.05,320,1.5,0,70,1,,
2917,1.05,320,1.5,20,70,1,,
2918,1.05,320,1.5,30,70,1,,
2919,1.05,320,1.5,50,70,1,,
2920,1.05,320,1.5,70,70,1,,
2921,1.05,300,1.5,0,70,1,,
2922,1.05,300,1.5,20,70,1,,
2923,1.05,300,1.5,30,70,1,,
2924,1.05,300,1.5,50,70,1,,
2925,1.05,300,1.5,70,70,1,,
2926,1.05,280,1.5,0,70,1,,
2927,1.05,280,1.5,20,70,1,,
2928,1.05,280,1.5,30,70,1,,
2929,1.05,280,1.5,50,70,1,,
2930,1.05,280,1.5,70,70,1,,
2931,1.05,260,1.5,0,70,1,,
2932,1.05,260,1.5,20,70,1,,
2933,1.05,260,1.5,30,70,1,,
2934,1.05,260,1.5,50,70,1,,
2935,1.05,260,1.5,70,70,1,,
2936,1.05,200,1.5,0,70,1,,
2937,1.05,200,1.5,20,70,1,,
2938,1.05,200,1.5,30,70,1,,
2939,1.05,200,1.5,50,70,1,,
2940,1.05,200,1.5,70,70,1,,
2941,0.6,320,0.75,80,80,1,,
2942,0.6,320,0.75,100,80,1,,
2943,0.55,320,0.75,80,80,1,,
2944,0.55,320,0.75,100,80,1,,
2945,0.5,320,0.75,80,80,1,,
2946,0.5,320,0.75,100,80,1,,
2947,0.45,320,0.75,80,80,1,,
2948,0.45,320,0.75,100,80,1,,
2949,0.6,300,0.75,80,80,1,,
2950,0.6,300,0.75,100,80,1,,
2951,0.55,300,0.75,80,80,1,,
2952,0.55,300,0.75,100,80,1,,
2953,0.5,300,0.75,80,80,1,,
2954,0.5,300,0.75,100,80,1,,
2955,0.45,300,0.75,80,80,1,,
2956,0.45,300,0.75,100,80,1,,
2957,0.6,280,0.75,80,80,1,,
2958,0.6,280,0.75,100,80,1,,
2959,0.55,280,0.75,80,80,1,,
2960,0.55,280,0.75,100,80,1,,
2961,0.5,280,0.75,80,80,1,,
2962,0.5,280,0.75,100,80,1,,
2963,0.45,280,0.75,80,80,1,,
2964,0.45,280,0.75,100,80,1,,
2965,0.6,260,0.75,80,80,1,,
2966,0.6,260,0.75,100,80,1,,
2967,0.55,260,0.75,80,80,1,,
2968,0.55,260,0.75,100,80,1,,
2969,0.5,260,0.75,80,80,1,,
2970,0.5,260,0.75,100,80,1,,
2971,0.45,260,0.75,80,80,1,,
2972,0.45,260,0.75,100,80,1,,
2973,0.6,200,0.75,80,80,1,,
2974,0.6,200,0.75,100,80,1,,
2975,0.55,200,0.75,80,80,1,,
2976,0.55,200,0.75,100,80,1,,
2977,0.5,200,0.75,80,80,1,,
2978,0.5,200,0.75,100,80,1,,
2979,0.45,200,0.75,80,80,1,,
2980,0.45,200,0.75,100,80,1,,
2981,0.7,320,1,80,80,1,,
2982,0.7,320,1,100,80,1,,
2983,0.65,320,1,80,80,1,,
2984,0.65,320,1,100,80,1,,
2985,0.7,300,1,80,80,1,,
2986,0.7,300,1,100,80,1,,
2987,0.65,300,1,80,80,1,,
2988,0.65,300,1,100,80,1,,
2989,0.7,280,1,80,80,1,,
2990,0.7,280,1,100,80,1,,
2991,0.65,280,1,80,80,1,,
2992,0.65,280,1,100,80,1,,
2993,0.7,260,1,80,80,1,,
2994,0.7,260,1,100,80,1,,
2995,0.65,260,1,80,80,1,,
2996,0.65,260,1,100,80,1,,
2997,0.7,200,1,80,80,1,,
2998,0.7,200,1,100,80,1,,
2999,0.65,200,1,80,80,1,,
3000,0.65,200,1,100,80,1,,
3001,1.05,320,1.5,80,80,1,,
3002,1.05,320,1.5,100,80,1,,
3003,1.05,300,1.5,80,80,1,,
3004,1.05,300,1.5,100,80,1,,
3005,1.05,280,1.5,80,80,1,,
3006,1.05,280,1.5,100,80,1,,
3007,1.05,260,1.5,80,80,1,,
3008,1.05,260,1.5,100,80,1,,
3009,1.05,200,1.5,80,80,1,,
3010,1.05,200,1.5,100,80,1,,
3011,0.6,320,0.75,0,80,1,,
3012,0.6,320,0.75,20,80,1,,
3013,0.6,320,0.75,30,80,1,,
3014,0.6,320,0.75,50,80,1,,
3015,0.6,320,0.75,70,80,1,,
3016,0.55,320,0.75,0,80,1,,
3017,0.55,320,0.75,20,80,1,,
3018,0.55,320,0.75,30,80,1,,
3019,0.55,320,0.75,50,80,1,,
3020,0.55,320,0.75,70,80,1,,
3021,0.5,320,0.75,0,80,1,,
3022,0.5,320,0.75,20,80,1,,
3023,0.5,320,0.75,30,80,1,,
3024,0.5,320,0.75,50,80,1,,
3025,0.5,320,0.75,70,80,1,,
3026,0.45,320,0.75,0,80,1,,
3027,0.45,320,0.75,20,80,1,,
3028,0.45,320,0.75,30,80,1,,
3029,0.45,320,0.75,50,80,1,,
3030,0.45,320,0.75,70,80,1,,
3031,0.6,300,0.75,0,80,1,,
3032,0.6,300,0.75,20,80,1,,
3033,0.6,300,0.75,30,80,1,,
3034,0.6,300,0.75,50,80,1,,
3035,0.6,300,0.75,70,80,1,,
3036,0.55,300,0.75,0,80,1,,
3037,0.55,300,0.75,20,80,1,,
3038,0.55,300,0.75,30,80,1,,
3039,0.55,300,0.75,50,80,1,,
3040,0.55,300,0.75,70,80,1,,
3041,0.5,300,0.75,0,80,1,,
3042,0.5,300,0.75,20,80,1,,
3043,0.5,300,0.75,30,80,1,,
3044,0.5,300,0.75,50,80,1,,
3045,0.5,300,0.75,70,80,1,,
3046,0.45,300,0.75,0,80,1,,
3047,0.45,300,0.75,20,80,1,,
3048,0.45,300,0.75,30,80,1,,
3049,0.45,300,0.75,50,80,1,,
3050,0.45,300,0.75,70,80,1,,
3051,0.6,280,0.75,0,80,1,,
3052,0.6,280,0.75,20,80,1,,
3053,0.6,280,0.75,30,80,1,,
3054,0.6,280,0.75,50,80,1,,
3055,0.6,280,0.75,70,80,1,,
3056,0.55,280,0.75,0,80,1,,
3057,0.55,280,0.75,20,80,1,,
3058,0.55,280,0.75,30,80,1,,
3059,0.55,280,0.75,50,80,1,,
3060,0.55,280,0.75,70,80,1,,
3061,0.5,280,0.75,0,80,1,,
3062,0.5,280,0.75,20,80,1,,
3063,0.5,280,0.75,30,80,1,,
3064,0.5,280,0.75,50,80,1,,
3065,0.5,280,0.75,70,80,1,,
3066,0.45,280,0.75,0,80,1,,
3067,0.45,280,0.75,20,80,1,,
3068,0.45,280,0.75,30,80,1,,
3069,0.45,280,0.75,50,80,1,,
3070,0.45,280,0.75,70,80,1,,
3071,0.6,260,0.75,0,80,1,,
3072,0.6,260,0.75,20,80,1,,
3073,0.6,260,0.75,30,80,1,,
3074,0.6,260,0.75,50,80,1,,
3075,0.6,260,0.75,70,80,1,,
3076,0.55,260,0.75,0,80,1,,
3077,0.55,260,0.75,20,80,1,,
3078,0.55,260,0.75,30,80,1,,
3079,0.55,260,0.75,50,80,1,,
3080,0.55,260,0.75,70,80,1,,
3081,0.5,260,0.75,0,80,1,,
3082,0.5,260,0.75,20,80,1,,
3083,0.5,260,0.75,30,80,1,,
3084,0.5,260,0.75,50,80,1,,
3085,0.5,260,0.75,70,80,1,,
3086,0.45,260,0.75,0,80,1,,
3087,0.45,260,0.75,20,80,1,,
3088,0.45,260,0.75,30,80,1,,
3089,0.45,260,0.75,50,80,1,,
3090,0.45,260,0.75,70,80,1,,
3091,0.6,200,0.75,0,80,1,,
3092,0.6,200,0.75,20,80,1,,
3093,0.6,200,0.75,30,80,1,,
3094,0.6,200,0.75,50,80,1,,
3095,0.6,200,0.75,70,80,1,,
3096,0.55,200,0.75,0,80,1,,
3097,0.55,200,0.75,20,80,1,,
3098,0.55,200,0.75,30,80,1,,
3099,0.55,200,0.75,50,80,1,,
3100,0.55,200,0.75,70,80,1,,
3101,0.5,200,0.75,0,80,1,,
3102,0.5,200,0.75,20,80,1,,
3103,0.5,200,0.75,30,80,1,,
3104,0.5,200,0.75,50,80,1,,
3105,0.5,200,0.75,70,80,1,,
3106,0.45,200,0.75,0,80,1,,
3107,0.45,200,0.75,20,80,1,,
3108,0.45,200,0.75,30,80,1,,
3109,0.45,200,0.75,50,80,1,,
3110,0.45,200,0.75,70,80,1,,
3111,0.7,320,1,0,80,1,,
3112,0.7,320,1,20,80,1,,
3113,0.7,320,1,30,80,1,,
3114,0.7,320,1,50,80,1,,
3115,0.7,320,1,70,80,1,,
3116,0.65,320,1,0,80,1,,
3117,0.65,320,1,20,80,1,,
3118,0.65,320,1,30,80,1,,
3119,0.65,320,1,50,80,1,,
3120,0.65,320,1,70,80,1,,
3121,0.7,300,1,0,80,1,,
3122,0.7,300,1,20,80,1,,
3123,0.7,300,1,30,80,1,,
3124,0.7,300,1,50,80,1,,
3125,0.7,300,1,70,80,1,,
3126,0.65,300,1,0,80,1,,
3127,0.65,300,1,20,80,1,,
3128,0.65,300,1,30,80,1,,
3129,0.65,300,1,50,80,1,,
3130,0.65,300,1,70,80,1,,
3131,0.7,280,1,0,80,1,,
3132,0.7,280,1,20,80,1,,
3133,0.7,280,1,30,80,1,,
3134,0.7,280,1,50,80,1,,
3135,0.7,280,1,70,80,1,,
3136,0.65,280,1,0,80,1,,
3137,0.65,280,1,20,80,1,,
3138,0.65,280,1,30,80,1,,
3139,0.65,280,1,50,80,1,,
3140,0.65,280,1,70,80,1,,
3141,0.7,260,1,0,80,1,,
3142,0.7,260,1,20,80,1,,
3143,0.7,260,1,30,80,1,,
3144,0.7,260,1,50,80,1,,
3145,0.7,260,1,70,80,1,,
3146,0.65,260,1,0,80,1,,
3147,0.65,260,1,20,80,1,,
3148,0.65,260,1,30,80,1,,
3149,0.65,260,1,50,80,1,,
3150,0.65,260,1,70,80,1,,
3151,0.7,200,1,0,80,1,,
3152,0.7,200,1,20,80,1,,
3153,0.7,200,1,30,80,1,,
3154,0.7,200,1,50,80,1,,
3155,0.7,200,1,70,80,1,,
3156,0.65,200,1,0,80,1,,
3157,0.65,200,1,20,80,1,,
3158,0.65,200,1,30,80,1,,
3159,0.65,200,1,50,80,1,,
3160,0.65,200,1,70,80,1,,
3161,1.05,320,1.5,0,80,1,,
3162,1.05,320,1.5,20,80,1,,
3163,1.05,320,1.5,30,80,1,,
3164,1.05,320,1.5,50,80,1,,
3165,1.05,320,1.5,70,80,1,,
3166,1.05,300,1.5,0,80,1,,
3167,1.05,300,1.5,20,80,1,,
3168,1.05,300,1.5,30,80,1,,
3169,1.05,300,1.5,50,80,1,,
3170,1.05,300,1.5,70,80,1,,
3171,1.05,280,1.5,0,80,1,,
3172,1.05,280,1.5,20,80,1,,
3173,1.05,280,1.5,30,80,1,,
3174,1.05,280,1.5,50,80,1,,
3175,1.05,280,1.5,70,80,1,,
3176,1.05,260,1.5,0,80,1,,
3177,1.05,260,1.5,20,80,1,,
3178,1.05,260,1.5,30,80,1,,
3179,1.05,260,1.5,50,80,1,,
3180,1.05,260,1.5,70,80,1,,
3181,1.05,200,1.5,0,80,1,,
3182,1.05,200,1.5,20,80,1,,
3183,1.05,200,1.5,30,80,1,,
3184,1.05,200,1.5,50,80,1,,
3185,1.05,200,1.5,70,80,1,,
3186,0.6,320,0.75,80,100,1,,
3187,0.6,320,0.75,100,100,1,,
3188,0.55,320,0.75,80,100,1,,
3189,0.55,320,0.75,100,100,1,,
3190,0.5,320,0.75,80,100,1,,
3191,0.5,320,0.75,100,100,1,,
3192,0.45,320,0.75,80,100,1,,
3193,0.45,320,0.75,100,100,1,,
3194,0.6,300,0.75,80,100,1,,
3195,0.6,300,0.75,100,100,1,,
3196,0.55,300,0.75,80,100,1,,
3197,0.55,300,0.75,100,100,1,,
3198,0.5,300,0.75,80,100,1,,
3199,0.5,300,0.75,100,100,1,,
3200,0.45,300,0.75,80,100,1,,
3201,0.45,300,0.75,100,100,1,,
3202,0.6,280,0.75,80,100,1,,
3203,0.6,280,0.75,100,100,1,,
3204,0.55,280,0.75,80,100,1,,
3205,0.55,280,0.75,100,100,1,,
3206,0.5,280,0.75,80,100,1,,
3207,0.5,280,0.75,100,100,1,,
3208,0.45,280,0.75,80,100,1,,
3209,0.45,280,0.75,100,100,1,,
3210,0.6,260,0.75,80,100,1,,
3211,0.6,260,0.75,100,100,1,,
3212,0.55,260,0.75,80,100,1,,
3213,0.55,260,0.75,100,100,1,,
3214,0.5,260,0.75,80,100,1,,
3215,0.5,260,0.75,100,100,1,,
3216,0.45,260,0.75,80,100,1,,
3217,0.45,260,0.75,100,100,1,,
3218,0.6,200,0.75,80,100,1,,
3219,0.6,200,0.75,100,100,1,,
3220,0.55,200,0.75,80,100,1,,
3221,0.55,200,0.75,100,100,1,,
3222,0.5,200,0.75,80,100,1,,
3223,0.5,200,0.75,100,100,1,,
3224,0.45,200,0.75,80,100,1,,
3225,0.45,200,0.75,100,100,1,,
3226,0.7,320,1,80,100,1,,
3227,0.7,320,1,100,100,1,,
3228,0.65,320,1,80,100,1,,
3229,0.65,320,1,100,100,1,,
3230,0.7,300,1,80,100,1,,
3231,0.7,300,1,100,100,1,,
3232,0.65,300,1,80,100,1,,
3233,0.65,300,1,100,100,1,,
3234,0.7,280,1,80,100,1,,
3235,0.7,280,1,100,100,1,,
3236,0.65,280,1,80,100,1,,
3237,0.65,280,1,100,100,1,,
3238,0.7,260,1,80,100,1,,
3239,0.7,260,1,100,100,1,35.3,146
3240,0.65,260,1,80,100,1,,
3241,0.65,260,1,100,100,1,,
3242,0.7,200,1,80,100,1,,
3243,0.7,200,1,100,100,1,,
3244,0.65,200,1,80,100,1,,
3245,0.65,200,1,100,100,1,,
3246,1.05,320,1.5,80,100,1,,
3247,1.05,320,1.5,100,100,1,,
3248,1.05,300,1.5,80,100,1,,
3249,1.05,300,1.5,100,100,1,,
3250,1.05,280,1.5,80,100,1,,
3251,1.05,280,1.5,100,100,1,,
3252,1.05,260,1.5,80,100,1,,
3253,1.05,260,1.5,100,100,1,,
3254,1.05,200,1.5,80,100,1,,
3255,1.05,200,1.5,100,100,1,15.6,116
3256,0.6,320,0.75,0,100,1,,
3257,0.6,320,0.75,20,100,1,,
3258,0.6,320,0.75,30,100,1,,
3259,0.6,320,0.75,50,100,1,,
3260,0.6,320,0.75,70,100,1,,
3261,0.55,320,0.75,0,100,1,,
3262,0.55,320,0.75,20,100,1,,
3263,0.55,320,0.75,30,100,1,,
3264,0.55,320,0.75,50,100,1,,
3265,0.55,320,0.75,70,100,1,,
3266,0.5,320,0.75,0,100,1,,
3267,0.5,320,0.75,20,100,1,,
3268,0.5,320,0.75,30,100,1,,
3269,0.5,320,0.75,50,100,1,,
3270,0.5,320,0.75,70,100,1,,
3271,0.45,320,0.75,0,100,1,,
3272,0.45,320,0.75,20,100,1,,
3273,0.45,320,0.75,30,100,1,,
3274,0.45,320,0.75,50,100,1,,
3275,0.45,320,0.75,70,100,1,,
3276,0.6,300,0.75,0,100,1,,
3277,0.6,300,0.75,20,100,1,,
3278,0.6,300,0.75,30,100,1,,
3279,0.6,300,0.75,50,100,1,,
3280,0.6,300,0.75,70,100,1,,
3281,0.55,300,0.75,0,100,1,,
3282,0.55,300,0.75,20,100,1,,
3283,0.55,300,0.75,30,100,1,,
3284,0.55,300,0.75,50,100,1,,
3285,0.55,300,0.75,70,100,1,,
3286,0.5,300,0.75,0,100,1,,
3287,0.5,300,0.75,20,100,1,,
3288,0.5,300,0.75,30,100,1,,
3289,0.5,300,0.75,50,100,1,,
3290,0.5,300,0.75,70,100,1,,
3291,0.45,300,0.75,0,100,1,,
3292,0.45,300,0.75,20,100,1,,
3293,0.45,300,0.75,30,100,1,,
3294,0.45,300,0.75,50,100,1,,
3295,0.45,300,0.75,70,100,1,,
3296,0.6,280,0.75,0,100,1,,
3297,0.6,280,0.75,20,100,1,,
3298,0.6,280,0.75,30,100,1,,
3299,0.6,280,0.75,50,100,1,,
3300,0.6,280,0.75,70,100,1,,
3301,0.55,280,0.75,0,100,1,,
3302,0.55,280,0.75,20,100,1,,
3303,0.55,280,0.75,30,100,1,,
3304,0.55,280,0.75,50,100,1,,
3305,0.55,280,0.75,70,100,1,,
3306,0.5,280,0.75,0,100,1,,
3307,0.5,280,0.75,20,100,1,,
3308,0.5,280,0.75,30,100,1,,
3309,0.5,280,0.75,50,100,1,,
3310,0.5,280,0.75,70,100,1,,
3311,0.45,280,0.75,0,100,1,,
3312,0.45,280,0.75,20,100,1,,
3313,0.45,280,0.75,30,100,1,,
3314,0.45,280,0.75,50,100,1,,
3315,0.45,280,0.75,70,100,1,,
3316,0.6,260,0.75,0,100,1,,
3317,0.6,260,0.75,20,100,1,,
3318,0.6,260,0.75,30,100,1,,
3319,0.6,260,0.75,50,100,1,,
3320,0.6,260,0.75,70,100,1,,
3321,0.55,260,0.75,0,100,1,,
3322,0.55,260,0.75,20,100,1,,
3323,0.55,260,0.75,30,100,1,,
3324,0.55,260,0.75,50,100,1,,
3325,0.55,260,0.75,70,100,1,,
3326,0.5,260,0.75,0,100,1,,
3327,0.5,260,0.75,20,100,1,,
3328,0.5,260,0.75,30,100,1,,
3329,0.5,260,0.75,50,100,1,,
3330,0.5,260,0.75,70,100,1,,
3331,0.45,260,0.75,0,100,1,,
3332,0.45,260,0.75,20,100,1,,
3333,0.45,260,0.75,30,100,1,,
3334,0.45,260,0.75,50,100,1,,
3335,0.45,260,0.75,70,100,1,,
3336,0.6,200,0.75,0,100,1,,
3337,0.6,200,0.75,20,100,1,,
3338,0.6,200,0.75,30,100,1,,
3339,0.6,200,0.75,50,100,1,,
3340,0.6,200,0.75,70,100,1,,
3341,0.55,200,0.75,0,100,1,,
3342,0.55,200,0.75,20,100,1,,
3343,0.55,200,0.75,30,100,1,,
3344,0.55,200,0.75,50,100,1,,
3345,0.55,200,0.75,70,100,1,,
3346,0.5,200,0.75,0,100,1,,
3347,0.5,200,0.75,20,100,1,,
3348,0.5,200,0.75,30,100,1,,
3349,0.5,200,0.75,50,100,1,,
3350,0.5,200,0.75,70,100,1,,
3351,0.45,200,0.75,0,100,1,,
3352,0.45,200,0.75,20,100,1,,
3353,0.45,200,0.75,30,100,1,,
3354,0.45,200,0.75,50,100,1,,
3355,0.45,200,0.75,70,100,1,,
3356,0.7,320,1,0,100,1,,
3357,0.7,320,1,20,100,1,,
3358,0.7,320,1,30,100,1,,
3359,0.7,320,1,50,100,1,,
3360,0.7,320,1,70,100,1,,
3361,0.65,320,1,0,100,1,,
3362,0.65,320,1,20,100,1,,
3363,0.65,320,1,30,100,1,,
3364,0.65,320,1,50,100,1,,
3365,0.65,320,1,70,100,1,,
3366,0.7,300,1,0,100,1,,
3367,0.7,300,1,20,100,1,,
3368,0.7,300,1,30,100,1,,
3369,0.7,300,1,50,100,1,,
3370,0.7,300,1,70,100,1,,
3371,0.65,300,1,0,100,1,,
3372,0.65,300,1,20,100,1,,
3373,0.65,300,1,30,100,1,,
3374,0.65,300,1,50,100,1,,
3375,0.65,300,1,70,100,1,,
3376,0.7,280,1,0,100,1,,
3377,0.7,280,1,20,100,1,,
3378,0.7,280,1,30,100,1,,
3379,0.7,280,1,50,100,1,,
3380,0.7,280,1,70,100,1,,
3381,0.65,280,1,0,100,1,,
3382,0.65,280,1,20,100,1,,
3383,0.65,280,1,30,100,1,,
3384,0.65,280,1,50,100,1,,
3385,0.65,280,1,70,100,1,,
3386,0.7,260,1,0,100,1,,
3387,0.7,260,1,20,100,1,,
3388,0.7,260,1,30,100,1,,
3389,0.7,260,1,50,100,1,,
3390,0.7,260,1,70,100,1,,
3391,0.65,260,1,0,100,1,,
3392,0.65,260,1,20,100,1,,
3393,0.65,260,1,30,100,1,,
3394,0.65,260,1,50,100,1,,
3395,0.65,260,1,70,100,1,,
3396,0.7,200,1,0,100,1,,
3397,0.7,200,1,20,100,1,,
3398,0.7,200,1,30,100,1,,
3399,0.7,200,1,50,100,1,,
3400,0.7,200,1,70,100,1,,
3401,0.65,200,1,0,100,1,,
3402,0.65,200,1,20,100,1,,
3403,0.65,200,1,30,100,1,,
3404,0.65,200,1,50,100,1,,
3405,0.65,200,1,70,100,1,,
3406,1.05,320,1.5,0,100,1,,
3407,1.05,320,1.5,20,100,1,,
3408,1.05,320,1.5,30,100,1,,
3409,1.05,320,1.5,50,100,1,,
3410,1.05,320,1.5,70,100,1,,
3411,1.05,300,1.5,0,100,1,,
3412,1.05,300,1.5,20,100,1,,
3413,1.05,300,1.5,30,100,1,,
3414,1.05,300,1.5,50,100,1,,
3415,1.05,300,1.5,70,100,1,,
3416,1.05,280,1.5,0,100,1,,
3417,1.05,280,1.5,20,100,1,,
3418,1.05,280,1.5,30,100,1,,
3419,1.05,280,1.5,50,100,1,,
3420,1.05,280,1.5,70,100,1,,
3421,1.05,260,1.5,0,100,1,,
3422,1.05,260,1.5,20,100,1,,
3423,1.05,260,1.5,30,100,1,,
3424,1.05,260,1.5,50,100,1,,
3425,1.05,260,1.5,70,100,1,,
3426,1.05,200,1.5,0,100,1,,
3427,1.05,200,1.5,20,100,1,,
3428,1.05,200,1.5,30,100,1,,
3429,1.05,200,1.5,50,100,1,,
3430,1.05,200,1.5,70,100,1,,
NEW_C1_1,0.45,320,0.75,55,55,0,54.4,155
NEW_C1_1,0.6,320,1,20,100,0,35.2,
NEW_0_1,0.7,320,1.5,0,100,0,31.2,
