Idx_Sample,SiO2,CaO,SO3,FA (kg/m3),GGBFS (kg/m3),Coarse aggregate (kg/m3),Fine aggregate (kg/m3),Total aggregates,Na2SiO3,Na2O (Dry),Sio2 (Dry),Superplasticizer,water -eff,Slump - Target (mm),CO2 (kg/t) - A-priori Information,fc 28-d - Target (MPa)
1399,52.295,12.58,0.27,252,108,1090.8,774.0,1864.8,115.71429,13.31,34.71,14.4,107.80714,,112.66807,
1400,52.295,12.58,0.27,252,108,1090.8,774.0,1864.8,128.57143,14.79,38.57,14.4,118.82571,,120.44818,
1401,52.295,12.58,0.27,252,108,1090.8,774.0,1864.8,141.42857,16.26,42.43,14.4,129.84429,,128.2283,
1402,52.295,12.58,0.27,252,108,1090.8,774.0,1864.8,154.28571,17.74,46.29,14.4,140.86286,,136.00841,
1403,52.295,12.58,0.27,294,126,966.0,810.6,1776.6,135.0,15.53,40.5,16.8,125.775,,129.53088,
1404,52.295,12.58,0.27,294,126,966.0,810.6,1776.6,150.0,17.25,45.0,16.8,138.63,,138.60768,
1405,52.295,12.58,0.27,294,126,966.0,810.6,1776.6,165.0,18.98,49.5,16.8,151.485,,147.68448,
1406,52.295,12.58,0.27,294,126,966.0,810.6,1776.6,180.0,20.7,54.0,16.8,164.34,,156.76128,
1407,52.295,12.58,0.27,315,135,972.0,760.5,1732.5,144.64286,16.63,43.39,18.0,134.75893,,137.96229,
1408,52.295,12.58,0.27,315,135,972.0,760.5,1732.5,160.71429,18.48,48.21,18.0,148.53214,,147.68743,
1409,52.295,12.58,0.27,315,135,972.0,760.5,1732.5,176.78571,20.33,53.04,18.0,162.30536,,157.41257,
1410,52.295,12.58,0.27,315,135,972.0,760.5,1732.5,192.85714,22.18,57.86,18.0,176.07857,,167.13771,
1411,49.69,15.44,0.36,216,144,1090.8,774.0,1864.8,115.71429,13.31,34.71,14.4,107.80714,,114.39607,
1412,49.69,15.44,0.36,216,144,1090.8,774.0,1864.8,128.57143,14.79,38.57,14.4,118.82571,,122.17618,
1413,49.69,15.44,0.36,216,144,1090.8,774.0,1864.8,141.42857,16.26,42.43,14.4,129.84429,,129.9563,
1414,49.69,15.44,0.36,216,144,1090.8,774.0,1864.8,154.28571,17.74,46.29,14.4,140.86286,,137.73641,
1415,49.69,15.44,0.36,252,168,966.0,810.6,1776.6,135.0,15.53,40.5,16.8,125.775,,131.54688,
1416,49.69,15.44,0.36,252,168,966.0,810.6,1776.6,150.0,17.25,45.0,16.8,138.63,,140.62368,
1417,49.69,15.44,0.36,252,168,966.0,810.6,1776.6,165.0,18.98,49.5,16.8,151.485,135.0,149.70048,44.581
1418,49.69,15.44,0.36,252,168,966.0,810.6,1776.6,180.0,20.7,54.0,16.8,164.34,,158.77728,
1419,49.69,15.44,0.36,270,180,972.0,760.5,1732.5,144.64286,16.63,43.39,18.0,134.75893,,140.12229,
1420,49.69,15.44,0.36,270,180,972.0,760.5,1732.5,160.71429,18.48,48.21,18.0,148.53214,,149.84743,
1421,49.69,15.44,0.36,270,180,972.0,760.5,1732.5,176.78571,20.33,53.04,18.0,162.30536,,159.57257,
1422,49.69,15.44,0.36,270,180,972.0,760.5,1732.5,192.85714,22.18,57.86,18.0,176.07857,,169.29771,
1423,47.085,18.3,0.45,180,180,1090.8,774.0,1864.8,115.71429,13.31,34.71,14.4,107.80714,,116.12407,
1424,47.085,18.3,0.45,180,180,1090.8,774.0,1864.8,128.57143,14.79,38.57,14.4,118.82571,184.0,123.90418,59.6375
1425,47.085,18.3,0.45,180,180,1090.8,774.0,1864.8,141.42857,16.26,42.43,14.4,129.84429,,131.6843,
1426,47.085,18.3,0.45,180,180,1090.8,774.0,1864.8,154.28571,17.74,46.29,14.4,140.86286,,139.46441,
1427,47.085,18.3,0.45,210,210,966.0,810.6,1776.6,135.0,15.53,40.5,16.8,125.775,,125.0,55.0
1428,47.085,18.3,0.45,210,210,966.0,810.6,1776.6,150.0,17.25,45.0,16.8,138.63,162.0,142.63968,60.419
1429,47.085,18.3,0.45,210,210,966.0,810.6,1776.6,165.0,18.98,49.5,16.8,151.485,,151.71648,
1430,47.085,18.3,0.45,210,210,966.0,810.6,1776.6,180.0,20.7,54.0,16.8,164.34,,160.79328,
1431,47.085,18.3,0.45,225,225,972.0,760.5,1732.5,144.64286,16.63,43.39,18.0,134.75893,,142.28229,
1432,47.085,18.3,0.45,225,225,972.0,760.5,1732.5,160.71429,18.48,48.21,18.0,148.53214,,152.00743,
1433,47.085,18.3,0.45,225,225,972.0,760.5,1732.5,176.78571,20.33,53.04,18.0,162.30536,,161.73257,
1434,47.085,18.3,0.45,225,225,972.0,760.5,1732.5,192.85714,22.18,57.86,18.0,176.07857,,171.45771,
1471,52.295,12.58,0.27,252,108,1090.8446,773.9554,1864.8,115.71429,13.31,34.71,14.4,107.80714,,112.66807,
1472,52.295,12.58,0.27,259,111,1081.5584,775.84155,1857.4,118.92857,13.68,35.68,14.8,110.80179,,115.51358,
1473,52.295,12.58,0.27,266,114,1070.4551,776.34486,1846.8,122.14286,14.05,36.64,15.2,113.79643,105.0,118.34373,34.79
1474,52.295,12.58,0.27,273,117,1057.564,775.43599,1833.0,125.35714,14.42,37.61,15.6,116.79107,,121.15851,
1475,52.295,12.58,0.27,280,120,1043.045,772.95498,1816.0,128.57143,14.79,38.57,16.0,119.78571,,123.95794,
1476,52.295,12.58,0.27,287,123,1026.6499,769.15012,1795.8,131.78571,15.16,39.54,16.4,122.78036,,126.74201,
1477,52.295,12.58,0.27,294,126,1010.9298,765.67018,1776.6,135.0,15.53,40.5,16.8,125.775,,129.53088,
1478,52.295,12.58,0.27,301,129,967.96105,795.03895,1763.0,138.21429,15.89,41.46,17.2,128.76964,142.0,132.34663,35.7
1479,52.295,12.58,0.27,308,132,969.46003,777.33997,1746.8,141.42857,16.26,42.43,17.6,131.76429,,135.1499,
1480,52.295,12.58,0.27,315,135,971.96195,760.53805,1732.5,144.64286,16.63,43.39,18.0,134.75893,,137.96229,
1481,49.69,15.44,0.36,216,144,1090.8446,773.9554,1864.8,115.71429,13.31,34.71,14.4,107.80714,,114.39607,
1482,49.69,15.44,0.36,222,148,1081.5584,775.84155,1857.4,118.92857,13.68,35.68,14.8,110.80179,,117.28958,
1483,49.69,15.44,0.36,228,152,1070.4551,776.34486,1846.8,122.14286,14.05,36.64,15.2,113.79643,,120.16773,
1484,49.69,15.44,0.36,234,156,1057.564,775.43599,1833.0,125.35714,14.42,37.61,15.6,116.79107,93.0,123.03051,44.21
1485,49.69,15.44,0.36,240,160,1043.045,772.95498,1816.0,128.57143,14.79,38.57,16.0,119.78571,,125.87794,
1486,49.69,15.44,0.36,246,164,1026.6499,769.15012,1795.8,131.78571,15.16,39.54,16.4,122.78036,99.0,128.71001,45.48
1487,49.69,15.44,0.36,252,168,1010.9298,765.67018,1776.6,135.0,15.53,40.5,16.8,125.775,,131.54688,
1488,49.69,15.44,0.36,258,172,967.96105,795.03895,1763.0,138.21429,15.89,41.46,17.2,128.76964,,134.41063,
1489,49.69,15.44,0.36,264,176,969.46003,777.33997,1746.8,141.42857,16.26,42.43,17.6,131.76429,133.0,137.2619,45.96
1490,49.69,15.44,0.36,270,180,971.96195,760.53805,1732.5,144.64286,16.63,43.39,18.0,134.75893,,140.12229,
1491,47.085,18.3,0.45,180,180,1090.8446,773.9554,1864.8,115.71429,13.31,34.71,14.4,107.80714,,116.12407,
1492,47.085,18.3,0.45,185,185,1081.5584,775.84155,1857.4,118.92857,13.68,35.68,14.8,110.80179,,119.06558,
1493,47.085,18.3,0.45,190,190,1070.4551,776.34486,1846.8,122.14286,14.05,36.64,15.2,113.79643,,121.99173,
1494,47.085,18.3,0.45,195,195,1057.564,775.43599,1833.0,125.35714,14.42,37.61,15.6,116.79107,,124.90251,
1495,47.085,18.3,0.45,200,200,1043.045,772.95498,1816.0,128.57143,14.79,38.57,16.0,119.78571,,127.79794,
1496,47.085,18.3,0.45,205,205,1026.6499,769.15012,1795.8,131.78571,15.16,39.54,16.4,122.78036,82.0,130.67801,56.62
1497,47.085,18.3,0.45,210,210,1010.9298,765.67018,1776.6,135.0,15.53,40.5,16.8,125.775,83.0,133.56288,56.86
1498,47.085,18.3,0.45,215,215,967.96105,795.03895,1763.0,138.21429,15.89,41.46,17.2,128.76964,,136.47463,
1499,47.085,18.3,0.45,220,220,969.46003,777.33997,1746.8,141.42857,16.26,42.43,17.6,131.76429,92.0,139.3739,51.9
1500,47.085,18.3,0.45,225,225,971.96195,760.53805,1732.5,144.64286,16.63,43.39,18.0,134.75893,,142.28229,
1501,52.295,12.58,0.27,252,108,1090.8446,773.9554,1864.8,128.57143,14.79,38.57,14.4,118.82571,,120.44818,
1502,52.295,12.58,0.27,259,111,1081.5584,775.84155,1857.4,132.14286,15.2,39.64,14.8,122.12643,,123.50981,
1503,52.295,12.58,0.27,266,114,1070.4551,776.34486,1846.8,135.71429,15.61,40.71,15.2,125.42714,,126.55607,
1504,52.295,12.58,0.27,273,117,1057.564,775.43599,1833.0,139.28571,16.02,41.79,15.6,128.72786,,129.58697,
1505,52.295,12.58,0.27,280,120,1043.045,772.95498,1816.0,142.85714,16.43,42.86,16.0,132.02857,,132.60251,
1506,52.295,12.58,0.27,287,123,1026.6499,769.15012,1795.8,146.42857,16.84,43.93,16.4,135.32929,,135.6027,
1507,52.295,12.58,0.27,294,126,1010.9298,765.67018,1776.6,150.0,17.25,45.0,16.8,138.63,,138.60768,
1508,52.295,12.58,0.27,301,129,967.96105,795.03895,1763.0,153.57143,17.66,46.07,17.2,141.93071,,141.63954,
1509,52.295,12.58,0.27,308,132,969.46003,777.33997,1746.8,157.14286,18.07,47.14,17.6,145.23143,,144.65893,
1510,52.295,12.58,0.27,315,135,971.96195,760.53805,1732.5,160.71429,18.48,48.21,18.0,148.53214,,147.68743,
1511,49.69,15.44,0.36,216,144,1090.8446,773.9554,1864.8,128.57143,14.79,38.57,14.4,118.82571,,122.17618,
1512,49.69,15.44,0.36,222,148,1081.5584,775.84155,1857.4,132.14286,15.2,39.64,14.8,122.12643,,125.28581,
1513,49.69,15.44,0.36,228,152,1070.4551,776.34486,1846.8,135.71429,15.61,40.71,15.2,125.42714,,128.38007,
1514,49.69,15.44,0.36,234,156,1057.564,775.43599,1833.0,139.28571,16.02,41.79,15.6,128.72786,,131.45897,
1515,49.69,15.44,0.36,240,160,1043.045,772.95498,1816.0,142.85714,16.43,42.86,16.0,132.02857,,134.52251,
1516,49.69,15.44,0.36,246,164,1026.6499,769.15012,1795.8,146.42857,16.84,43.93,16.4,135.32929,,137.5707,
1517,49.69,15.44,0.36,252,168,1010.9298,765.67018,1776.6,150.0,17.25,45.0,16.8,138.63,,140.62368,
1518,49.69,15.44,0.36,258,172,967.96105,795.03895,1763.0,153.57143,17.66,46.07,17.2,141.93071,,143.70354,
1519,49.69,15.44,0.36,264,176,969.46003,777.33997,1746.8,157.14286,18.07,47.14,17.6,145.23143,,146.77093,
1520,49.69,15.44,0.36,270,180,971.96195,760.53805,1732.5,160.71429,18.48,48.21,18.0,148.53214,,149.84743,
1521,47.085,18.3,0.45,180,180,1090.8446,773.9554,1864.8,128.57143,14.79,38.57,14.4,118.82571,,123.90418,
1522,47.085,18.3,0.45,185,185,1081.5584,775.84155,1857.4,132.14286,15.2,39.64,14.8,122.12643,,127.06181,
1523,47.085,18.3,0.45,190,190,1070.4551,776.34486,1846.8,135.71429,15.61,40.71,15.2,125.42714,,130.20407,
1524,47.085,18.3,0.45,195,195,1057.564,775.43599,1833.0,139.28571,16.02,41.79,15.6,128.72786,,133.33097,
1525,47.085,18.3,0.45,200,200,1043.045,772.95498,1816.0,142.85714,16.43,42.86,16.0,132.02857,,136.44251,
1526,47.085,18.3,0.45,205,205,1026.6499,769.15012,1795.8,146.42857,16.84,43.93,16.4,135.32929,104.0,139.5387,60.28
1527,47.085,18.3,0.45,210,210,1010.9298,765.67018,1776.6,150.0,17.25,45.0,16.8,138.63,,152.0,55.0
1528,47.085,18.3,0.45,215,215,967.96105,795.03895,1763.0,153.57143,17.66,46.07,17.2,141.93071,,145.76754,
1529,47.085,18.3,0.45,220,220,969.46003,777.33997,1746.8,157.14286,18.07,47.14,17.6,145.23143,,148.88293,
1530,47.085,18.3,0.45,225,225,971.96195,760.53805,1732.5,160.71429,18.48,48.21,18.0,148.53214,,152.00743,
1531,52.295,12.58,0.27,252,108,1090.8446,773.9554,1864.8,141.42857,16.26,42.43,14.4,129.84429,,128.2283,
1532,52.295,12.58,0.27,259,111,1081.5584,775.84155,1857.4,145.35714,16.72,43.61,14.8,133.45107,,131.50603,
1533,52.295,12.58,0.27,266,114,1070.4551,776.34486,1846.8,149.28571,17.17,44.79,15.2,137.05786,,134.76841,
1534,52.295,12.58,0.27,273,117,1057.564,775.43599,1833.0,153.21429,17.62,45.96,15.6,140.66464,,138.01543,
1535,52.295,12.58,0.27,280,120,1043.045,772.95498,1816.0,157.14286,18.07,47.14,16.0,144.27143,,141.24709,
1536,52.295,12.58,0.27,287,123,1026.6499,769.15012,1795.8,161.07143,18.52,48.32,16.4,147.87821,,144.46338,
1537,52.295,12.58,0.27,294,126,1010.9298,765.67018,1776.6,165.0,18.98,49.5,16.8,151.485,,147.68448,
1538,52.295,12.58,0.27,301,129,967.96105,795.03895,1763.0,168.92857,19.43,50.68,17.2,155.09179,,150.93246,
1539,52.295,12.58,0.27,308,132,969.46003,777.33997,1746.8,172.85714,19.88,51.86,17.6,158.69857,,154.16795,
1540,52.295,12.58,0.27,315,135,971.96195,760.53805,1732.5,176.78571,20.33,53.04,18.0,162.30536,,157.41257,
1541,49.69,15.44,0.36,216,144,1090.8446,773.9554,1864.8,141.42857,16.26,42.43,14.4,129.84429,,129.9563,
1542,49.69,15.44,0.36,222,148,1081.5584,775.84155,1857.4,145.35714,16.72,43.61,14.8,133.45107,,133.28203,
1543,49.69,15.44,0.36,228,152,1070.4551,776.34486,1846.8,149.28571,17.17,44.79,15.2,137.05786,119.0,136.59241,46.12
1544,49.69,15.44,0.36,234,156,1057.564,775.43599,1833.0,153.21429,17.62,45.96,15.6,140.66464,,139.88743,
1545,49.69,15.44,0.36,240,160,1043.045,772.95498,1816.0,157.14286,18.07,47.14,16.0,144.27143,,143.16709,
1546,49.69,15.44,0.36,246,164,1026.6499,769.15012,1795.8,161.07143,18.52,48.32,16.4,147.87821,,146.43138,
1547,49.69,15.44,0.36,252,168,1010.9298,765.67018,1776.6,165.0,18.98,49.5,16.8,151.485,,149.70048,
1548,49.69,15.44,0.36,258,172,967.96105,795.03895,1763.0,168.92857,19.43,50.68,17.2,155.09179,,152.99646,
1549,49.69,15.44,0.36,264,176,969.46003,777.33997,1746.8,172.85714,19.88,51.86,17.6,158.69857,,156.27995,
1550,49.69,15.44,0.36,270,180,971.96195,760.53805,1732.5,176.78571,20.33,53.04,18.0,162.30536,,159.57257,
1551,47.085,18.3,0.45,180,180,1090.8446,773.9554,1864.8,141.42857,16.26,42.43,14.4,129.84429,,131.6843,
1552,47.085,18.3,0.45,185,185,1081.5584,775.84155,1857.4,145.35714,16.72,43.61,14.8,133.45107,109.0,135.05803,50.73
1553,47.085,18.3,0.45,190,190,1070.4551,776.34486,1846.8,149.28571,17.17,44.79,15.2,137.05786,,138.41641,
1554,47.085,18.3,0.45,195,195,1057.564,775.43599,1833.0,153.21429,17.62,45.96,15.6,140.66464,,141.75943,
1555,47.085,18.3,0.45,200,200,1043.045,772.95498,1816.0,157.14286,18.07,47.14,16.0,144.27143,,145.08709,
1556,47.085,18.3,0.45,205,205,1026.6499,769.15012,1795.8,161.07143,18.52,48.32,16.4,147.87821,,148.39938,
1557,47.085,18.3,0.45,210,210,1010.9298,765.67018,1776.6,165.0,18.98,49.5,16.8,151.485,,151.71648,
1558,47.085,18.3,0.45,215,215,967.96105,795.03895,1763.0,168.92857,19.43,50.68,17.2,155.09179,,155.06046,
1559,47.085,18.3,0.45,220,220,969.46003,777.33997,1746.8,172.85714,19.88,51.86,17.6,158.69857,,158.39195,
1560,47.085,18.3,0.45,225,225,971.96195,760.53805,1732.5,176.78571,20.33,53.04,18.0,162.30536,,161.73257,
1561,52.295,12.58,0.27,252,108,1090.8446,773.9554,1864.8,154.28571,17.74,46.29,14.4,140.86286,,136.00841,
1562,52.295,12.58,0.27,259,111,1081.5584,775.84155,1857.4,158.57143,18.24,47.57,14.8,144.77571,,139.50226,
1563,52.295,12.58,0.27,266,114,1070.4551,776.34486,1846.8,162.85714,18.73,48.86,15.2,148.68857,,142.98075,
1564,52.295,12.58,0.27,273,117,1057.564,775.43599,1833.0,167.14286,19.22,50.14,15.6,152.60143,,146.44389,
1565,52.295,12.58,0.27,280,120,1043.045,772.95498,1816.0,171.42857,19.71,51.43,16.0,156.51429,,149.89166,
1566,52.295,12.58,0.27,287,123,1026.6499,769.15012,1795.8,175.71429,20.21,52.71,16.4,160.42714,,153.32407,
1567,52.295,12.58,0.27,294,126,1010.9298,765.67018,1776.6,180.0,20.7,54.0,16.8,164.34,,156.76128,
1568,52.295,12.58,0.27,301,129,967.96105,795.03895,1763.0,184.28571,21.19,55.29,17.2,168.25286,,160.22537,
1569,52.295,12.58,0.27,308,132,969.46003,777.33997,1746.8,188.57143,21.69,56.57,17.6,172.16571,,163.67698,
1570,52.295,12.58,0.27,315,135,971.96195,760.53805,1732.5,192.85714,22.18,57.86,18.0,176.07857,,167.13771,
1571,49.69,15.44,0.36,216,144,1090.8446,773.9554,1864.8,154.28571,17.74,46.29,14.4,140.86286,,137.73641,
1572,49.69,15.44,0.36,222,148,1081.5584,775.84155,1857.4,158.57143,18.24,47.57,14.8,144.77571,157.0,141.27826,46.2
1573,49.69,15.44,0.36,228,152,1070.4551,776.34486,1846.8,162.85714,18.73,48.86,15.2,148.68857,,144.80475,
1574,49.69,15.44,0.36,234,156,1057.564,775.43599,1833.0,167.14286,19.22,50.14,15.6,152.60143,,148.31589,
1575,49.69,15.44,0.36,240,160,1043.045,772.95498,1816.0,171.42857,19.71,51.43,16.0,156.51429,,151.81166,
1576,49.69,15.44,0.36,246,164,1026.6499,769.15012,1795.8,175.71429,20.21,52.71,16.4,160.42714,,155.29207,
1577,49.69,15.44,0.36,252,168,1010.9298,765.67018,1776.6,180.0,20.7,54.0,16.8,164.34,,158.77728,
1578,49.69,15.44,0.36,258,172,967.96105,795.03895,1763.0,184.28571,21.19,55.29,17.2,168.25286,,162.28937,
1579,49.69,15.44,0.36,264,176,969.46003,777.33997,1746.8,188.57143,21.69,56.57,17.6,172.16571,,165.78898,
1580,49.69,15.44,0.36,270,180,971.96195,760.53805,1732.5,192.85714,22.18,57.86,18.0,176.07857,,169.29771,
1581,47.085,18.3,0.45,180,180,1090.8446,773.9554,1864.8,154.28571,17.74,46.29,14.4,140.86286,146.0,139.46441,46.68
1582,47.085,18.3,0.45,185,185,1081.5584,775.84155,1857.4,158.57143,18.24,47.57,14.8,144.77571,,143.05426,
1583,47.085,18.3,0.45,190,190,1070.4551,776.34486,1846.8,162.85714,18.73,48.86,15.2,148.68857,,146.62875,
1584,47.085,18.3,0.45,195,195,1057.564,775.43599,1833.0,167.14286,19.22,50.14,15.6,152.60143,,150.18789,
1585,47.085,18.3,0.45,200,200,1043.045,772.95498,1816.0,171.42857,19.71,51.43,16.0,156.51429,,153.73166,
1586,47.085,18.3,0.45,205,205,1026.6499,769.15012,1795.8,175.71429,20.21,52.71,16.4,160.42714,,157.26007,
1587,47.085,18.3,0.45,210,210,1010.9298,765.67018,1776.6,180.0,20.7,54.0,16.8,164.34,,160.79328,
1588,47.085,18.3,0.45,215,215,967.96105,795.03895,1763.0,184.28571,21.19,55.29,17.2,168.25286,,164.35337,
1589,47.085,18.3,0.45,220,220,969.46003,777.33997,1746.8,188.57143,21.69,56.57,17.6,172.16571,,167.90098,
1590,47.085,18.3,0.45,225,225,971.96195,760.53805,1732.5,192.85714,22.18,57.86,18.0,176.07857,,171.45771,
